toponym,km_to_coast
Berenikē,6.679226239158427
Muos Hormos,17.04884658053686
Meroē,450.0787572316919
Ptolemaïs Thērōn,12.855259293270413
Adouli,8.466825397281108
Alalaiou Islands,1.1283310264166906
Axōmite metropolis,159.4246993813982
Didōros Island,1.8955401164802046
Koloē,10.511066831557748
Oreinē,6.219056743021071
Aualitēs,3.6605100752414366
Malaō,8.03898050394255
Moundou,6.557513871762597
Mosullon,12.31659141675827
Akannai,4.974775256736541
Cape Elephas,0.6018815566317034
Arōmatōn Emporion,24.407131836331867
Tabai,1.6416573942492052
Opōnē,1.5062832407029692
Menounthias,11.240399787116672
Puralaōn Islands,2.976354766951743
Rhapta,7.206197845587261
Leukē Kōmē,5.299149024869128
Katakekaumene Island,80.53532081214561
Mouza,5.8206261419850005
Sauē,83.14505440358148
Zafar,131.80714327899332
Diodōros Island,8.505120841438847
Okēlis,3.0282814588702545
Eudaimōn Arabia,4.889278880200185
Isle of Birds,10.510529624353229
Kanē,7.555486822455753
Saubatha,177.92624452929698
Troullas,3.373320809252417
Suagros,2.332393919028139
Dioskouridou Island,16.37579986233934
Moscha Limen,6.147571114581927
Asikhōnos,2.0882403703465098
Isles of Zēnobios,48.12126883309691
Sarapis Island,4.003959916067708
Kalaiou Isles,15.669183999673603
Apologos,105.03845949973197
Ommana,4.560782747763623
Pasinou Kharax,96.93302766590166
Hōraia,4.054422278706142
Barbarikon,11.84658065020179
Minnagar,33.468076294377
Barygaza,1.6492087225310463
Astakapra,5.960008437544871
Kammōni,21.125872835533286
Baiōnēs Island,26.225776745265954
Ozēnē,315.7890317400282
Akabaru,
Paithana,252.1151910712251
Tagara,323.9565741410711
Kalliena,15.027679926187453
Souppara,4.846327912817306
Aigidiōn Island,68.97214358351421
Byzantion,4.790623705190753
Erannoboas,1.7034096970262333
Kaineitōn Island,140.4526171622234
Mandagora,5.000144869318466
Melizeigara,10.11445856116773
Naoura,7.421710352961219
Nelkunda,17.62270067954472
Palaipatmai,16.283153678600303
Sēmulla,6.8494745042964436
Sēsekreienai Island,68.97214358351421
Toparon,15.89177531062488
Tyndis,2.917265040649755
White Island,18.935188058510256
Muziris,1.9574254473367705
Bakarē,7.102934371646039
Balita,3.947648554796724
Komarei,3.7267962773727237
Argalou,93.96907075577867
Kolkhoi,14.065778957387467
Kamara,5.887604368061085
Podoukē,10.576861925273478
Sōpatma,8.33550716977372
Masalia,9.94238721938383
Palaisimoundou,10.49571216368284
Gangēs,63.84742638722871
Khrusē Island,
Thina,
Ariaca,11.452077866003988
Arsinoe,1.7181186682013518
Besatae,457.582081060423
Diospolis,169.8169872011243
Dosarene,13.218817281330471
Nicon,0.8646006643368455
Sarapion,52.16511951767622
