chapter,pos,unit,value,match,context
1,207,stadia,1800.0,eighteen hundred stadia,"aean Sea, and the market-towns around it, the first is the Egyptian port of Mussel Harbor [=Myos Hormos]. To those sailing down from that place, on the right hand, after eighteen hundred stadia, there is Berenice. The harbors of both are at the boundary of Egypt, and are bays opening from the Erythraean Sea."
3,85,stadia,4000.0,four thousand stadia,"Below the Calf-Eaters there is a little market-town on the shore after sailing about four thousand stadia from Berenice, called Ptolemais of the Hunts, from which the hunters started for the interior under the dynasty of the"
4,53,stadia,3000.0,three thousand stadia,"Below Ptolemais of the Hunts, at a distance of about three thousand stadia, there is Adulis, a port established by law, lying at the inner end of a bay that runs in toward the south. Before the"
4,243,stadia,200.0,two hundred stadia,"a, there is Adulis, a port established by law, lying at the inner end of a bay that runs in toward the south. Before the harbor lies the so-called Mountain Island, about two hundred stadia sea-ward from the very head of the bay, with the shores of the mainland close to it on both sides. Ships bound for this"
4,691,stadia,20.0,twenty stadia,"us, close to the shore, which could be reached on foot from the land; by which means the barbarous natives attacked the island. Opposite Mountain Island, on the mainland twenty stadia from shore, lies Adulis, a fair-sized village, from which there is a three-days' journey to Coloe, an inland town and t"
4,772,days_journey,3.0,a three-days' journey,"ans the barbarous natives attacked the island. Opposite Mountain Island, on the mainland twenty stadia from shore, lies Adulis, a fair-sized village, from which there is a three-days' journey to Coloe, an inland town and the first market for ivory. From that place to the city of the people called Auxumites the"
4,919,days_journey,5.0,a five days' journey,"e, from which there is a three-days' journey to Coloe, an inland town and the first market for ivory. From that place to the city of the people called Auxumites there is a five days' journey more; to that place all the ivory is brought from the country beyond the Nile through the district called Cyeneum, and"
5,10,stadia,800.0,eight hundred stadia,"And about eight hundred stadia beyond there is another very deep bay, with a great mound of sand piled up at the right of the entrance; at the bottom"
7,124,stadia,4000.0,four thousand stadia,"From this place the Arabian Gulf trends toward the east and becomes narrowest just before the Gulf of Avalites. After about four thousand stadia, for those sailing eastward along the same coast, there are other Berber market-towns, known as the ""far-side "" ports;"
7,1152,stadia,800.0,eight hundred stadia,"n the rest. And the Berbers who live in the place are very unruly. 8 After Avalites there is another market-town, better than this, called Malao, distant a sail of about eight hundred stadia. The anchorage is an open road-stead, sheltered by a spit running out from the east. Here the natives are more peaceabl"
9,0,days_sail,2.0,Two days' sail,"Two days' sail, or three, beyond Malao is the market-town of Mundus, where the ships lie at anchor more safely behind a projecting isl"
10,54,days_sail,2.0,two days' sail,"Beyond Mundus, sailing toward the east, after another two days' sail, or three, you reach Mosyllum, on a beach, with a bad anchorage. There are imported here the same things already mentio"
11,47,days_journey,2.0,a two days' course,"Sailing along the coast beyond Mosyllum, after a two days' course you come to the so-called Little Nile River, and a fine spring, and a small laurel-grove, and Cape Elephant. Then the s"
13,19,stadia,400.0,four hundred stadia,"Beyond Taba, after four hundred stadia, there is the village of Pano. And then, after sailing four hundred stadia along a promontory, toward which place the c"
13,94,stadia,400.0,four hundred stadia,"Beyond Taba, after four hundred stadia, there is the village of Pano. And then, after sailing four hundred stadia along a promontory, toward which place the current also draws you, there is another market-town called Opone, into whic"
15,244,days_bare,6.0,six days,"e small and great bluffs of Azania; this coast is destitute of harbors, but there are places where ships can lie at anchor, the shore being abrupt; and this course is of six days, the direction being south-west. Then come the small and great beach for another six days' course and after that in ord"
15,334,days_journey,6.0,six days' course,"es where ships can lie at anchor, the shore being abrupt; and this course is of six days, the direction being south-west. Then come the small and great beach for another six days' course and after that in order, the Courses of Azania, the first being called Sarapion and the next Nicon; and after that seve"
15,699,day_and_night,,courses of a day and night,"ately a rest and a run for each day, seven in all, until the Pyralae islands and what is called the channel; beyond which, a little to the south of south-west, after two courses of a day and night along the Ausanitic coast, is the island Menuthias, about three hundred stadia from the main-land, low and wooded, in w"
15,784,stadia,300.0,three hundred stadia,"is called the channel; beyond which, a little to the south of south-west, after two courses of a day and night along the Ausanitic coast, is the island Menuthias, about three hundred stadia from the main-land, low and wooded, in which there are rivers and many kinds of birds and the mountain-tortoise. There"
16,0,days_sail,2.0,Two days' sail,"Two days' sail beyond, there lies the very last market-town of the continent of Azania, which is called Rhapta; which has its name fro"
19,48,days_bare,3.0,three days,"Now to the left of Berenice, sailing for two or three days from Mussel Harbor eastward across the adjacent gulf, there is another harbor and fortified place, which is called Whit"
21,218,stadia,12000.0,twelve thousand stadia,"left side of this gulf, there is a place by the shore called Muza, a market-town established by law, distant altogether from Berenice for those sailing southward, about twelve thousand stadia. And the whole place is crowded with Arab ship-owners and seafaring men, and is busy with the affairs of commerce; for"
22,0,days_bare,3.0,Three days,"Three days inland from this port there is a city called Saua, in the midst of the region called Mapharitis; and there is a vassal-"
23,10,days_bare,9.0,nine days,"And after nine days more there is Saphar, the metropolis, in which lives Charibael, lawful king of two tribes, the Homerites and those livi"
25,38,stadia,300.0,three hundred stadia,"After sailing beyond this place about three hundred stadia, the coast of Arabia and the Berber country about the Avalitic gulf now coming close together, there is a channel, not"
25,286,stadia,60.0,sixty stadia,"litic gulf now coming close together, there is a channel, not long in extent, which forces the sea together and shuts it into a narrow strait, the passage through which, sixty stadia in length, the island Diodorus divides. Therefore the course through it is beset with rushing currents and with strong"
26,108,stadia,1200.0,twelve hundred stadia,"Beyond Ocelis, the sea widening again toward the east and soon giving a view of the open ocean, after about twelve hundred stadia there is Eudaemon Arabia, a village by the shore, also of the Kingdom of Charibael, and having convenient anchorages, a"
27,81,stadia,2000.0,two thousand stadia,"After Eudaemon Arabia there is a continuous length of coast, and a bay extending two thousand stadia or more, along which there are Nomads and Fish-Eaters living in villages; just beyond the cape projecting from this bay"
27,425,stadia,120.0,one hundred and twenty stadia,"e shore, Cana [Kanê], of the Kingdom of Eleazus, the Frankincense Country; and facing it there are two desert islands, one called Island of Birds, the other Dome Island, one hundred and twenty stadia from Cana. Inland from this place lies the metropolis Sabbatha, in which the King lives. All the frankincense produced"
32,97,stadia,600.0,six hundred stadia,"Immediately beyond Syagrus the bay of Omana cuts deep into the coast-line, the width of it being six hundred stadia; and beyond this there are mountains, high and rocky and steep, inhabited by cave-dwellers for five hundred stadia more"
32,211,stadia,500.0,five hundred stadia,"na cuts deep into the coast-line, the width of it being six hundred stadia; and beyond this there are mountains, high and rocky and steep, inhabited by cave-dwellers for five hundred stadia more; and beyond this is a port established for receiving the Sachalitic frankincense; the harbor is called Moscha, and"
33,38,stadia,1500.0,fifteen hundred stadia,"Beyond the harbor of Moscha for about fifteen hundred stadia as far as Asich, a mountain range runs along the shore; at the end of which, in a row, lie seven islands, called Zenobi"
33,337,stadia,2000.0,two thousand stadia,"called Zenobian. Beyond these there is a barbarous region which is no longer of the same Kingdom, but now belongs to Persia. Sailing along this coast well out at sea for two thousand stadia from the Zenobian Islands, there meets you an island called Sarapis, about one hundred and twenty stadia from the mainl"
33,432,stadia,120.0,one hundred and twenty stadia,"m, but now belongs to Persia. Sailing along this coast well out at sea for two thousand stadia from the Zenobian Islands, there meets you an island called Sarapis, about one hundred and twenty stadia from the mainland. It is about two hundred stadia wide and six hundred long, inhabited by three settlements of Fish-Eat"
33,493,stadia,200.0,two hundred stadia,"ut at sea for two thousand stadia from the Zenobian Islands, there meets you an island called Sarapis, about one hundred and twenty stadia from the mainland. It is about two hundred stadia wide and six hundred long, inhabited by three settlements of Fish-Eaters, a villainous lot, who use the Arabian languag"
34,145,stadia,2000.0,two thousand stadia,"Sailing along the coast, which trends north-ward toward the entrance of the Persian Sea, there are many islands known as the Calaei, after about two thousand stadia, extending along the shore. The inhabitants are a treacherous lot, very little civilized."
35,398,stadia,600.0,six hundred stadia,"mountains called Asabon, and to the right there rises in full view another round and high mountain called Semiramis; between them the passage across the strait is about six hundred stadia; beyond which that very great and broad sea, the Persian Gulf, reaches far into the interior. At the upper end of this"
36,45,days_journey,6.0,a six-days’ course,"Sailing through the mouth of the Gulf, after a six-days’ course there is another market-town of Persia called Ommana. To both of these market-towns large vessels are regularly sent fr"
37,355,days_journey,7.0,a seven days' journey,"nto the bay. Here there is a river affording an entrance for ships, with a little market-town at the mouth, called Oraea and back from the place an in-land city, distant a seven days' journey from the sea, in which also is the King's court; it is called ... (probably Rhambacia) [Casson notes the name was inadv"
41,888,stadia,3000.0,three thousand stadia,"es, walls of forts and great wells. The sailing course along this coast, from Barbaricum to the promontory called Papica, opposite Barygaza, and before Astacampra, is of three thousand stadia."
42,262,stadia,300.0,three hundred stadia,"the mouth of which there is an island called Bavones: at its innermost part there is a great river called Mais. Those sailing to Barygaza pass across this gulf, which is three hundred stadia in width, leaving behind to their left the island just visible from their tops toward the east, straight to the very mo"
44,547,stadia,300.0,three hundred stadia,"nning of the flood, and lying through the ebb at anchorages and in basins. These basins are deeper places in the river as far as Barygaza; which lies by the river, about three hundred stadia up from the mouth."
45,148,days_bare,3.0,three days,"Now the whole country of India has very many rivers, and very great ebb and flow of the tides; increasing at the new moon, and at the full moon for three days, and falling off during the intervening days of the moon. But about Barygaza it is much greater, so that the bottom is"
51,99,days_journey,20.0,twenty days' journey,"Among the market-towns of Dachinabades there are two of special importance; Pathana, distant about twenty days' journey south from Barygaza; beyond which, about ten days' journey east, there is another very great city, Tagara. There are br"
51,161,days_journey,10.0,ten days' journey,"Among the market-towns of Dachinabades there are two of special importance; Pathana, distant about twenty days' journey south from Barygaza; beyond which, about ten days' journey east, there is another very great city, Tagara. There are brought down to Barygaza from these places by wagons and thro"
51,587,stadia,7000.0,seven thousand stadia,"of muslins and mallow cloth, and other merchandise brought there locally from the regions along the sea-coast. And the whole course to the end of Damirica [=Limyrike] is seven thousand stadia; but the distance is greater to the Coast Country."
54,249,stadia,500.0,five hundred stadia,"ea. Muziris, of the same Kingdom, abounds in ships sent there with cargoes from Arabia, and by the Greeks; it is located on a river, distant from Tyndis by river and sea five hundred stadia, and up the river from the shore twenty stadia. Nelcynda is distant from Muziris by river and sea about five hundred st"
54,302,stadia,20.0,twenty stadia,"nt there with cargoes from Arabia, and by the Greeks; it is located on a river, distant from Tyndis by river and sea five hundred stadia, and up the river from the shore twenty stadia. Nelcynda is distant from Muziris by river and sea about five hundred stadia, and is of another Kingdom, the Pandian. T"
54,373,stadia,500.0,five hundred stadia,"a river, distant from Tyndis by river and sea five hundred stadia, and up the river from the shore twenty stadia. Nelcynda is distant from Muziris by river and sea about five hundred stadia, and is of another Kingdom, the Pandian. This place also is situated on a river, about one hundred and twenty stadia fr"
54,480,stadia,120.0,one hundred and twenty stadia,"tadia. Nelcynda is distant from Muziris by river and sea about five hundred stadia, and is of another Kingdom, the Pandian. This place also is situated on a river, about one hundred and twenty stadia from the sea."
57,813,days_bare,3.0,three days,"ices; and those bound for Damirica [=Limyrike] throw the ship's head considerably off the wind; while those bound for Barygaza and Scythia keep along shore not more than three days and for the rest of the time hold the same course straight out to sea from that region, with a favorable wind, quite aw"
