id,hoardName,country,county,lat,lon,coinCount,terminalYear1,dist_to_coast_km
18463,KARAITIVU,Sri Lanka,Puttalam [පුත්තලම; புத்தளம்],8.2229,79.8118,18,425,0.2
18476,AHANGAMA,Sri Lanka,Galle [ගාල්ල; காலி],5.9741036336964,80.36235253708,8000,294,0.5
18462,KALPITIYA,Sri Lanka,Puttalam [පුත්තලම; புத்தளம்],8.2290065273642,79.763995071738,28,408,0.7
18428,MATARA - OR VICINITY,Sri Lanka,Matara [මාතර; மாத்தறை],5.9487370049114,80.548690448242,14,408,0.8
18464,UDAPPUWA,Sri Lanka,Puttalam [පුත්තලම; புத்தளம்],7.7401719713516,79.79439935626,0,395,1.0
18451,TALAIMANNAR MOUNDS,Sri Lanka,Mannar [මන්නාරම; மன்னார்],9.0864604662227,79.709644221553,12,395,1.0
18427,MANTAI,Sri Lanka,Mannar [මන්නාරම; மன்னார்],8.9899,79.9998,0,1,1.3
18435,HENDALA,Sri Lanka,Gampaha [ගම්පහ; கம்பஹா],6.9826283868705,79.870041847073,1,475,1.4
18472,NEGOMBO?,Sri Lanka,Colombo [කොළඹ; கொழும்பு],7.2001029437947,79.864959036785,200,1,1.5
18596,MANGALURU,India,Dakshina Kannada,12.8682,74.8398,1,117,1.7
21155,MANGALURU AREA,India,Dakshina Kannada,12.8682,74.8398,0,193,1.7
18483,REKAWA,Sri Lanka,Hambantota [හම්බන්තොට; அம்பாந்தோட்டை],6.0553,80.8579,1588,470,1.8
18508,BATTICALOA,Sri Lanka,Batticaloa [මඩකලපුව;  மட்டக்களப்பு],7.7312337044105,81.676417221741,5,408,2.0
18433,HITTTETIYA,Sri Lanka,Matara [මාතර; மாத்தறை],5.9577569626534,80.526272612919,300,1,2.1
18441,KALUTARA,Sri Lanka,Kalutara [කළුතර; களுத்துறை],6.5771312053777,79.963944434514,1500,1,2.1
18555,VALUVALLY,India,Ernakulam,10.118056,76.256389,263,145,2.2
21153,PARUR,India,Ernakulam,10.144423537726,76.234229087415,1000,1,2.2
18431,BOUREGODA,Sri Lanka,Galle [ගාල්ල; காலி],6.1885557793942,80.084052120518,40,408,2.2
18046,KUMBALAM,India,Ernakulam,9.9,76.31,9,177,2.3
18475,GINTOTA - VICINITY OF,Sri Lanka,Galle [ගාල්ල; காலி],6.0614730052036,80.179144390399,6,408,2.4
18558,ARIKAMEDU,India,Ariyankuppam,11.900833,79.820278,1,14,2.5
18447,JAFFNA/ JAFFNA DISTRICT,Sri Lanka,Jaffna [යාපනය; யாழ்ப்பாணம்],9.6693694492299,80.024369430382,2,,2.6
18429,BALAPITIYA - PERUMAMARAKKALADUWA,Sri Lanka,Galle [ගාල්ල; காலி],6.279359685148,80.054724596697,5800,406,2.8
18442,KOSGODA - GAL VIHARA,Sri Lanka,Galle [ගාල්ල; காலி],6.3384644333569,80.02890908474,141,380,2.8
21151,ALLEPEY,India,Alappuzha,9.5044049467406,76.336612368369,0,54,2.9
18450,POONAKARY AREA,Sri Lanka,Kilinochchi [கிளிநொச்சி; ගිරානික],9.5041361674882,80.212190174411,6,1,3.1
18430,BALAPITIYA - GONADUWA,Sri Lanka,Galle [ගාල්ල; காலி],6.2810619127072,80.062237217286,20,406,3.5
18443,GALANGÕDA,Sri Lanka,Galle [ගාල්ල; காலி],6.2411322350753,80.053644204819,2100,1,3.7
18439,MORATUWA?,Sri Lanka,Colombo [කොළඹ; கொழும்பு],6.7879587434955,79.890922417369,122,408,3.7
18437,COLOMBO - MILITARY CEMETERY,Sri Lanka,Colombo [කොළඹ; கொழும்பு]wes,6.9079295127602,79.877472388478,300,408,3.8
18436,COLOMBO -  GALLE FACE,Sri Lanka,Colombo [කොළඹ; கொழும்பு],6.9262851477142,79.845680495089,200,408,4.0
18438,COLOMBO,Sri Lanka,Colombo [කොළඹ; கொழும்பு],6.9271203014875,79.865250085752,14,408,4.3
21157,GOA,India,,15.367170093957,74.009403277279,13,202,4.5
18050,KOTTAYAM 1992,India,Kottayam,9.594709,76.485573,1,41,4.7
18486,HUNGAMA,Sri Lanka,Hambantota [හම්බන්තොට; அம்பாந்தோட்டை],6.115519336183,80.930426720534,20000,294,4.9
18448,JAFFNA PENINSULA,Sri Lanka,Jaffna [යාපනය; யாழ்ப்பாணம்],9.7152899457743,80.160225845412,0,,5.0
18449,VARANI IYATTALAI,Sri Lanka,Jaffna [යාපනය; யாழ்ப்பாணம்],9.7077,80.2076,700,1,5.0
18426,GODAVAYA -VICINITY,Sri Lanka,Hambantota [හම්බන්තොට; அம்பாந்தோட்டை],6.1124683428041,81.0524834993,0,1,5.1
18498,GODAVAYA,Sri Lanka,Hambantota [හම්බන්තොට; அம்பாந்தோட்டை],6.1124683428041,81.0524834993,30000,1,5.1
18509,VALAICHCHENAI,Sri Lanka,Batticaloa [මඩකලපුව;  மட்டக்களப்பு],7.9216450118406,81.524545663073,300,450,5.4
21129,MAMBALAM,India,Chennai,13.03872738288,80.227617859665,771,-27,6.1
21128,LINGARAJUPALEM,India,Visakhapatnam,17.441925166685,82.811135569982,2,14,6.1
18314,PONDA,India,North Goa,15.4,74.02,13,202,6.3
18339,CALICUT DISTRICT,India,Calicut,11.25,75.77,25,202,7.3
18478,KITALAGAMA 1924,Sri Lanka,Matara [මාතර; மாத்தறை],6.0158770150048,80.546786099475,80,408,8.0
18481,KITALAGAMA 1935,Sri Lanka,Matara [මාතර; மாத்தறை],6.0158770150048,80.546786099475,374,425,8.0
18496,BERAGAMA 1980,Sri Lanka,Hambantota [හම්බන්තොට; அம்பாந்தோட்டை],6.1674037397193,81.034481056886,70000,450,8.2
18497,BERAGAMA 1985-1986,Sri Lanka,Hambantota [හම්බන්තොට; அம்பாந்தோட்டை],6.1674037397193,81.034481056886,2042,1,8.2
21135,SALIHUNDAM,India,Srikakulam,18.334928193374,84.036976756565,11,14,8.2
18452,ATTIKKULI,Sri Lanka,Mannar [මන්නාරම; மன்னார்],8.8483,80.004,3,408,9.0
18505,TISSAMAHARAMA-UDUWILA,Sri Lanka,Hambantota [හම්බන්තොට; அம்பாந்தோட்டை],6.2791038186358,81.28763154655,513,408,9.2
18499,TISSAMAHARAMA-AKURUGODA,Sri Lanka,Hambantota [හම්බන්තොට; அம்பாந்தோட்டை],6.2858145626757,81.292946167196,367,395,9.6
18506,TISSAMAHARAMA 1,Sri Lanka,Hambantota [හම්බන්තොට; அம்பாந்தோட்டை],6.2831568111426,81.284837723271,30000,1,9.7
18507,TISSAMAHARAMA 2,Sri Lanka,Hambantota [හම්බන්තොට; அம்பாந்தோட்டை],6.2831568111426,81.284837723271,10000,294,9.7
18487,RIDIYAGAMA 1924,Sri Lanka,Hambantota [හම්බන්තොට; அம்பாந்தோட்டை],6.1803,80.9743,18,393,9.9
18488,RIDIYAGAMA 1985-1994,Sri Lanka,Hambantota [හම්බන්තොට; அம்பாந்தோட்டை],6.1848516511771,80.983057591637,0,294,10.1
18495,RIDIYAGAMA 1996,Sri Lanka,Hambantota [හම්බන්තොට; அம்பாந்தோட்டை],6.1848516511771,80.983057591637,18,1,10.1
18504,TISSAMAHARAMA-DEBARAWEWA,Sri Lanka,Hambantota [හම්බන්තොට; அம்பாந்தோட்டை],6.2782565475209,81.265597828068,2828,425,10.4
21145,LACCADIVE ISLANDS?,India,Laccadive Islands,10.938514393638,72.287107004224,712,37,11.6
18440,PANADURA,Sri Lanka,Colombo [කොළඹ; கொழும்பு],6.7118910381524,79.906971746351,28,,11.7
18363,TONDAMANATHAN,India,Cuddalore,11.23300453049,79.581881190011,6,50,12.5
18400,IYYAL,India,Thrissur,10.65,76.116667,83,98,13.7
18362,ONGOLE,India,Prakasam,15.506,80.049,2,125,14.8
18477,AKURESSA,Sri Lanka,Matara [මාතර; மாத்தறை],6.1002093523584,80.47700059735,5,180,14.8
18027,ALLURU,India,Krishna,16.4623,81.1942,1,46,16.0
18311,VEERAVASARAMU,India,West Godavari,16.53727,81.62511,15,193,19.7
18500,NELLORE,India,Nellore,14.45,79.99,40,141,20.1
18584,NAGDHARA,India,Navsai,20.912810241792,73.093317772153,1,166,20.6
21154,PUTHANKAVU,India,Alappuzha,9.3221787138505,76.631748434421,50,408,23.4
21127,KOTAPADU,India,Visakhapatnam,17.076201390911,82.025197808731,4,14,29.2
18470,KULIYAPITIYA 1975,Sri Lanka,Kurunegala [කුරුණෑගල; குருநாகல்],7.4702001926579,80.044380419883,1504,450,31.4
18471,KULIYAPITIYA 1986,Sri Lanka,Kurunegala [කුරුණෑගල; குருநாகல்],7.4702001926579,80.044380419883,320,1,31.4
18356,MANKADA,India,Malappuram,11.018658,76.17553,1,55,33.6
18465,PANDUVASNUVARA,Sri Lanka,Kurunegala [කුරුණෑගල; குருநாகல்],7.6007303860017,80.103068380097,500,1,33.7
18640,MALAYADIPUDUR,India,Tirunelveli,8.4496692338759,77.555851757289,4,491,34.1
18432,GALKADAWALA,Sri Lanka,Anuradhapura [අනුරාධපුර; அனுராதபுரம்],8.259565702871,80.144277128512,1040,1,34.8
18582,YELESWARAM,India,East Godavari,17.290032594345,82.100128322813,1,195,35.0
18489,CHEBROLU,India,Guntur,16.196667,80.525,1,306,35.3
18361,MALLAYAPALEM,India,Guntur,16.156,80.361,4,141,36.9
18599,POONJAR,India,Kottayam,9.674369,76.808669,6,138,36.9
18510,SORIYAPATTU,India,Villupuram,12.006629425751,79.432087399888,193,211,44.6
21158,KALAWAD SHITALA,India,Jamnagar,22.210372128179,70.387078718966,64,306,44.6
18364,NAGAVARAPUPADU,India,Krishna,16.509134,80.863871,58,61,46.1
18651,PUDUKOTTAI,India,Pudukottai,10.38,78.82,501,71,51.1
21146,RAMNAD-SATTUR,India,Virudhunagar,9.3600973295966,77.915238052568,1,491,56.5
18444,ANURADHAPURA - THUPARAMA,Sri Lanka,Anuradhapura [අනුරාධපුර; அனுராதபுரம்],8.3553467606156,80.396481815497,4,408,58.2
18583,JUNAGADH,India,Junagadh,21.52,70.463,1,162,58.7
18425,ANURADHAPURA - BUDDHIST RAILING,Sri Lanka,Anuradhapura [අනුරාධපුර දිස්ත්‍රික්කය; அனுராதபுரம் மாவட்டம்],8.3507799392727,80.406137810812,6,408,59.4
18352,DHARMAVARIPALEM,India,Prakasam,15.7667,79.6833,26,196,61.5
18883,KURUNEGALA DISTRICT,Sri Lanka,Kurunegala [කුරුණෑගල; குருணாகல்],7.4870433407446,80.364349733444,6,166,64.3
18446,TURUWILA?,Sri Lanka,Anuradhapura [අනුරාධපුර; அனுராதபுரம்],8.2286420797618,80.435768384569,20,333,66.9
19940,AMARAVATI,India,Guntur [గుంటూరు],16.517293323083,80.515506387347,1,117,67.6
18578,VINUKONDA,India,Guntur,16.05,79.75,15,210,68.7
18421,KADMAT ISLAND,India,Amindivi subgroup,12.309827874573,72.847331259132,15,180,69.9
18445,MIHINTALE,Sri Lanka,Anuradhapura [අනුරාධපුර; அனுராதபுரம்],8.3553694961077,80.513026573484,57,450,70.0
18461,PIDURANGALA,Sri Lanka,Matale [මාතලේ; மாத்தளை],7.9709409573228,80.769162548853,25000,1,71.3
18459,SIGIRIYA 1979,Sri Lanka,Matale [මාතලේ; மாத்தளை],7.9500880985793,80.763064031908,200,1,72.7
18453,SIGIRIYA 1935 1,Sri Lanka,Matale [මාතලේ; மாத்தளை],7.9569014978273,80.759679084657,27,408,72.9
18454,SIGIRIYA 1935 2,Sri Lanka,Matale [මාතලේ; மாத்தளை],7.9569014978273,80.759679084657,132,425,72.9
18455,SIGIRIYA 1935 3,Sri Lanka,Matale [මාතලේ; மாத்தளை],7.9569014978273,80.759679084657,25,1,72.9
18456,SIGIRIYA 1935 4,Sri Lanka,Matale [මාතලේ; மாத்தளை],7.9569014978273,80.759679084657,301,450,72.9
18457,SIGIRIYA 1935 5,Sri Lanka,Matale [මාතලේ; மாத்தளை],7.9569014978273,80.759679084657,145,450,72.9
18469,KOLUGALA,Sri Lanka,Kandy [මහනුවර; கண்டி],7.3050649430415,80.514334270281,220,423,73.6
18458,SIGIRIYA 1945,Sri Lanka,Matale [මාතලේ; மாத்தளை],7.9578248811576,80.751922644868,200,408,73.6
18466,SHAKERLEY ESTATE,Sri Lanka,Kurunegala [කුරුණෑගල; குருநாகல்],7.4833893571527,80.45399999763,1,337,73.7
18460,SIGIRIYA 1985,Sri Lanka,Matale [මාතලේ; மாத்தளை],7.9496410257289,80.751300238378,2000,1,74.0
18641,TIRUMALA - SRIVARI HUNDI,India,Chittoor,13.680916,79.3506,1,54,76.2
21143,BELGAUM,India,Belgaum,15.8596,74.5242,30,14,76.7
18028,ATHIRALA,India,YSR Kadapa,14.1667,79.3333,1,103,77.0
21152,NEDUMKANDAM,India,Idukki,9.8374753438591,77.156045607103,50,-27,79.1
18742,KARIVALAMVANDANALLUR,India,Tirunelveli,9.2709536742317,77.531509580296,7,117,83.9
18501,PUNE,India,Pune,18.520278,73.856667,5,211,87.3
18467,WATAPULUWA,Sri Lanka,Kandy [මහනුවර; கண்டி],7.3163456769265,80.640649726488,1500,423,87.5
21150,UTHAMAPURAM,India,Theni,9.7434109311534,77.285992070584,10,-27,88.9
21120,ANNAMALAI,India,Pollachi,10.636747663671,76.949798846619,1,14,89.3
18743,NATHAMPATTI,India,Virudhunagar,9.6,77.728889,9,462,90.1
18026,GUMADA,India,Vizianagaram District,18.9,83.466667,23,202,90.6
21119,AKHILANDAPURAM,India,Coimbatore,10.649674693695,76.991065844447,30,14,94.0
21134,POLLACHI,India,Coimbatore,10.660006226024,77.006518533469,0,14,96.0
18359,BAMANGHATI,India,Mayurbhanj,22.16860041449,86.496007165569,0,,96.9
18612,MADURAI 1888,India,Madurai,9.93,78.11,1,84,97.8
18625,MADURAI HILLS,India,Madurai,9.93,78.11,11,81,97.8
18639,MADURAI 1933,India,Madurai,9.93,78.11,3,491,97.8
18360,BISHOPSDOWN HOUSE,India,Nilgiris,11.41,76.7,1,,100.7
19296,GUJARAT STATE,India,,23.120628418947,71.701412599406,1,201,104.3
18393,PEDAKODAMAGUNDLA,India,Guntur,16.493049643217,79.708353296587,4,46,105.8
18611,KULATHUPALAYAM,India,Coimbatore,10.949275834886,76.942284641419,1,450,108.6
21142,COIMBATORE DISTRICT,India,Coimbatore,10.933302939742,76.991432809848,73,37,112.7
21121,BUDINATHAM,India,Tiruppur,10.5623,77.2352,1407,14,114.6
21136,VELLALUR 1841,India,Coimbatore,10.97787081357,77.029779763135,522,54,118.6
21137,VELLALUR 1891,India,Coimbatore,10.97787081357,77.029779763135,547,55,118.6
21138,VELLALUR 1931,India,Coimbatore,10.97787081357,77.029779763135,144,-2,118.6
21139,VELLALUR 1939,India,Coimbatore,10.97787081357,77.029779763135,0,14,118.6
15778,PENUGANCHIPROLU,India,Krishna,16.903329,80.235625,61,,118.7
18744,SULUR,India,Coimbatore,11.025278,77.124722,2,138,130.2
18559,KALIYAMPATTUR,India,Dindigul,10.45337918086,77.48248779689,63,96,136.7
18597,MYSURU,India,Mysuru,12.308611,76.653056,1,191,139.9
21148,KALLAKINAR,India,Tirupur,10.955465065352,77.318773581899,2,-42,142.3
18490,NAGARJUNAKONDA 1936,India,Guntur,16.521894,79.24285,1,125,143.5
18492,NAGARJUNAKONDA 1956-1957,India,Guntur District,16.521894,79.24285,2,141,143.5
18560,KARUR 1806,India,Karur,10.95,78.08,5,46,152.7
18561,KARUR 1992,India,Karur,10.95,78.08,2,150,152.7
18562,KARUR 1904,India,Karur,10.95,78.08,1,161,152.7
18563,KARUR 1990,India,Karur,10.95,78.08,1,41,152.7
21123,KARUR 1856,India,Karur,10.9607,78.0786,1000,-27,153.4
21124,KARUR 1878,India,Karur,10.9607,78.0786,500,14,153.4
21147,KOLATHURPALAYAM,India,Tirupur,10.762989331493,77.58152266271,1,408,157.8
21125,KATHANGANNI,India,,11.11243503,77.43333333,233,14,162.6
21149,KANGAYAM,India,Tipur,11.004200056021,77.559966939108,10,14,167.5
18577,NANDYAL,India,Kurnool,15.48,78.48,161,98,173.8
18594,MATTADAKERE,India,Chikkamagaluru,13.889523534383,76.385818093019,21,213,180.1
21126,KONERIPATTY,India,Salem,11.60870741822,77.982356492715,35,14,187.8
18581,PHANIGIRI,India,Suryapet,17.42,79.4714,1,54,205.5
18589,KATRYAL,India,Bijapur,16.604792545677,75.500979473167,48,,206.3
18057,GOOTIPARTI,India,Suryapet,17.49039,79.587836,3,140,206.4
21118,AKENPALLE,India,Nalgonda,17.294562163477,79.242996892926,1531,55,206.6
21144,SOUTH INDIA,India,,11.908217803054,77.58423200165,0,14,209.7
18417,KUDAVELLI 1978-1979 A,India,Mahbubnagar,15.962301623939,78.215994993431,1,351,213.6
18418,KUDAVELLI 1978-1979 B,India,Mahbubnagar,15.962301623939,78.215994993431,1,491,213.6
19939,RATLAM,India,,23.330942153044,75.036606873163,17,194,247.1
18579,WARANGAL DISTRICT,India,Warangal,17.954879814714,79.590625186745,1,14,252.4
21122,HIDNDUSTAN AIR LINES (H.A.L.) AIRPORT,India,Bengaluru/Bangalore,12.951329533129,77.668316455907,256,14,259.6
21140,YESWANTPUR,India,Bangalore,13.0224,77.5509,163,46,261.6
21156,DHARPUL,India,Solapur,17.79951669089,75.790210731611,18,208,275.3
18547,BELLARY,India,Bellari,15.1,76.916667,1,50,275.7
18358,DARPHAL,India,Solapur,17.917648239065,75.836818798839,18,202,281.6
18602,AJANTA,India,Aurangabad,20.532525423117,75.749136030351,1,430,292.7
21132,NASTHULLAPUR,India,Karimnagar,18.315756549769,79.175620002712,39,14,307.8
19293,UJJAIN ? 2020 A,India,Ujjain [उज्जैन],23.178779052137,75.78262869029,1,138,310.7
19294,UJJAIN ? 2020 B,India,Ujjain [उज्जैन],23.178779052137,75.78262869029,1,184,310.7
18482,PEDDABANKUR,India,Karimnagar District,18.566175,79.369247,9,14,319.2
19292,MAKSI NEAR,India,Shajapur [शाजापुर],23.257813641397,76.147441608677,1,130,348.9
18601,MEMADA KHEDI,India,Sehore,22.9473,76.6762,1,195,387.7
18343,CHAKHERBEDHA,India,Bilaspur,22.006218181787,82.115231532707,2,190,409.7
18354,BILASPUR 1909,India,Bilaspur,22.09,82.15,1,194,412.6
18355,BILASPUR 1911,India,Bilaspur,22.09,82.15,3,193,412.6
18357,TADALI,India,Chandrapur,20.010996497372,79.199330702327,2,,462.8
18603,MURTIZAPUR,India,Akola,20.73,77.51,1,114,467.9
19951,MADHYA PRADESH STATE,India,,23.293387973443,77.816220562853,1,202,510.5
19295,VIDISHA,India,Vidisha [विदिशा],23.52483827925,77.809008585133,1,210,518.6
21160,MANDHAL,India,Nagpur,20.955114992211,79.461723768308,6,14,523.5
18353,ADAM,India,Nagpur,20.998960318274,79.450292649272,11,14,528.0
18502,SAMPEVADA,India,Bhandara,21.16666667,79.66666667,2,180,530.0
21159,KAPRIVANI,India,Nagpur,21.051135512152,79.043042935972,2,193,559.2
18556,UPARVAHI,India,Nagpur,21.216431575119,78.856960247922,2,203,585.7
18557,WAGHODA,India,Jalgaon,21.37309224112,78.93473137561,1,202,593.9
19945,BARELI?,India,,26.683877608282,82.681885007174,11,162,709.4
21161,KOHAT,Pakistan,Kohat,33.588582415521,71.445920512509,69,-211,1011.6
21131,MANIKYALA 1886,India,Rawalpindi,33.47918603344,73.240019949545,5,158,1095.3
21130,MANIKYALA 1830,Pakistan,Rawalpindi,33.47918603344,73.240019949545,19,127,1095.3
21133,PAKLI,Pakistan,Hazara,32.795016941017,74.282802073068,24,14,1104.0
