site,query,year,title,authors,venue,cited_by,doi
Myos Hormos,Quseir al-Qadim coins numismatic,2008,Quseir al-Qadim : a Hoard of Islamic Coins from the Ayyubid period,"Bresc, C.",Revue numismatique,0,10.3406/numi.2008.2858
Myos Hormos,Myos Hormos coins Roman Egypt,2025,Everyday transactions in transit: Contextualizing coins in the ports of Berenike and Myos Hormos,"Smagur, E.",Journal of Roman Archaeology,0,10.1017/s1047759425100561
Banbhore,Banbhore coins numismatic Sindh,2015,SOME NUMISMATIC TERMS AND ABBREVIATIONS,,"Coins of Scotland, Ireland and the Islands",0,10.2307/j.ctvk8w10b.9
Banbhore,Banbhore coins numismatic Sindh,2003,From Coins to History,"Mattingly, H.",,2,10.3998/mpub.17766
Banbhore,Banbhore coins numismatic Sindh,2017,EXCAVATION COINS:,"Walker, A.",Numismatic Archaeology/Archaeological Numismatics,4,10.2307/j.ctvh1dm95.6
Banbhore,Banbhore coins numismatic Sindh,,Vocabulary. Numismatic terminology. Names of coins in archaic Greek inscriptions.,,Supplementum Epigraphicum Graecum,0,10.1163/1874-6772_seg_a47_2350
Banbhore,Banbhore coins numismatic Sindh,2017,COINS AND STRATIGRAPHY,"Rotroff, S.",Numismatic Archaeology/Archaeological Numismatics,3,10.2307/j.ctvh1dm95.5
Banbhore,Banbhore coins numismatic Sindh,2006,Royal Coins And Rome,,Ancient Coins of the Graeco-Roman World,0,10.51644/9780889207837-011
Banbhore,Banbhore coins numismatic Sindh,2015,Glossary of numismatic terms,,The Hellenistic World,0,10.1017/cbo9781316091784.013
Banbhore,Banbhore coins numismatic Sindh,2020,Glossary of Numismatic Terms,,The Athenian Empire,0,10.1017/9781139058476.014
Banbhore,Banbhore coins numismatic Sindh,2006,Nero's Liberation Of Achaea: Some Numismatic Evidence From Patrae,,Ancient Coins of the Graeco-Roman World,0,10.51644/9780889207837-013
Banbhore,Banbhore coins numismatic Sindh,2006,The Coins of the Phoenician World—East and West,,Ancient Coins of the Graeco-Roman World,0,10.51644/9780889207837-010
Banbhore,Banbhore coins numismatic Sindh,2006,Caesarea Maritima In Late Antiquity: An Introduction to the Numismatic Evidence,,Ancient Coins of the Graeco-Roman World,0,10.51644/9780889207837-018
Banbhore,Banbhore coins numismatic Sindh,2006,"The ""Commemorative"" Coins Of Antoninus Pius Re-Examined",,Ancient Coins of the Graeco-Roman World,0,10.51644/9780889207837-014
Banbhore,Bhambore coin finds excavation,2025,Concordance of the Coin Finds,,Regional History and the Coin Finds from Assur,0,10.2307/jj.30625918.12
Banbhore,Bhambore coin finds excavation,2012,"Section 2: Hellenistic, Roman, and Byzantine Coin Finds, 1987–2006 – Part 2","Lightfoot, C.",The Amorium Mint and the Coin Finds,0,10.1524/9783050058290.121
Banbhore,Bhambore coin finds excavation,2012,"Section 2: Hellenistic, Roman, and Byzantine Coin Finds, 1987–2006 – Part 1","Lightfoot, C.",The Amorium Mint and the Coin Finds,0,10.1524/9783050058290.110
Banbhore,Bhambore coin finds excavation,2019,Coin Finds 2012–2016,"Asolati, M.; Crisafulli, C.",Kom al-Ahmer – Kom Wasit II: Coin Finds 2012–2016 / Late Roman and Early Islamic,1,10.2307/j.ctvxrq0vn.7
Banbhore,Bhambore coin finds excavation,2016,Coin hoards and single-finds,,Medieval European Coinage,0,10.1017/9781139027205.009
Banbhore,Bhambore coin finds excavation,2016,Analysis of the coin finds,,Roman Coins from India,0,10.4324/9781315420691-8
Banbhore,Bhambore coin finds excavation,2025,COIN FINDS FROM BARIKOT,,A Numismatic History of Barikot,0,10.2307/jj.30599548.9
Banbhore,Bhambore coin finds excavation,2025,ARCHAEOLOGICAL CONTEXTS OF COIN FINDS,,A Numismatic History of Barikot,0,10.2307/jj.30599548.10
Banbhore,Bhambore coin finds excavation,2005,"M. Tsotselia. History and coin finds in Georgia, Sasanian coin finds and hoards. (Moneta, 30), Wetteren 2003, 96 p., 16 pl.","Mosig-Walburg, K.",Abstracta Iranica,0,10.4000/abstractairanica.3508
Qana / Kane,Qani coins South Arabian,2003,Three unpublished collections of South Arabian coins,"Davidde, B.",Arabian Archaeology and Epigraphy,1,10.1034/j.1600-0471.2003.00006.x
Qana / Kane,Qani coins South Arabian,1995,Two South Arabian coins from Mleiha,"SEDOV, A.",Arabian Archaeology and Epigraphy,1,10.1111/j.1600-0471.1995.tb00076.x
Qana / Kane,Qani coins South Arabian,2003,South Arabian coins in a private collection 2 (PC 1998),"Munro‐Hay, S.",Arabian Archaeology and Epigraphy,1,10.1034/j.1600-0471.2003.00007.x
Qana / Kane,Qani coins South Arabian,1997,South Arabian Coins in a Private Collection (PC1996),"MUNRO‐HAY, S.",Arabian Archaeology and Epigraphy,1,10.1111/j.1600-0471.1997.tb00155.x
Qana / Kane,Qani coins South Arabian,2011,"NON‐DESTRUCTIVE CHEMICAL ANALYSIS OF OLD SOUTH ARABIAN COINS, FOURTH CENTURY BCE TO THIRD CENTURY CE","KIRFEL, A.; KOCKELMANN, W.; YULE, P.",Archaeometry,13,10.1111/j.1475-4754.2011.00588.x
Qana / Kane,Qani coins South Arabian,2024,Arabian Gold Coins Unearthed from Tang Tombs in Xi’an,"Xia, N.",Studies in Silk Road Archaeology,0,10.1007/978-981-99-7475-7_12
Qana / Kane,Qani coins South Arabian,2017,Exploring the Impact of the Strategic Sourcing Process on the Production of Circulation Coins at the South African Mint Company,"Koobair, V.; Inderpal, L.; Karodia, A.",Oman Chapter of Arabian Journal of Business and Management Review,0,10.12816/0036843
Qana / Kane,Qani coins South Arabian,1998,Bes on Philisto-Arabian Coins,,Vestigia Leonis,0,10.13109/9783666539077.95
Sumhuram,Sumhuram coins mint Khor Rori,2023,CATALOGUE AND DIE-ANALYSIS OF THE WINCHESTER MINT-SIGNED COINS,"HARVEY, Y.",The Winchester Mint and Coins and Related Finds from the Excavations of 1961–71,0,10.2307/jj.15135964.14
Sumhuram,Sumhuram coins mint Khor Rori,2023,BYZANTINE COINS,"GEORGANTELI, E.",The Winchester Mint and Coins and Related Finds from the Excavations of 1961–71,0,10.2307/jj.15135964.22
Sumhuram,Sumhuram coins mint Khor Rori,2025,Mint Honorific Titles: Mint Epithets,"Ansari, M.; Needham, A.",The Coins of India,0,10.1163/9789004751521_012
Sumhuram,Sumhuram coins mint Khor Rori,2019,The Mint of Morgantina,"Erim, K.","Morgantina Studies, Volume II",0,10.2307/j.ctvh9w00k.7
Sumhuram,Sumhuram coins mint Khor Rori,2023,"THE WINCHESTER MINT AND EXCHANGE, 1158–1250","ALLEN, M.",The Winchester Mint and Coins and Related Finds from the Excavations of 1961–71,0,10.2307/jj.15135964.11
Sumhuram,Sumhuram coins mint Khor Rori,2025,Geographical Places other than Mint-Towns Mentioned in the Coins,"Karim, A.",Corpus of the Muslim Coins of Bengal,0,10.1163/9789004753723_009
Sumhuram,Sumhuram coins mint Khor Rori,2023,THREE REPOUSSÉ FOILS IMITATING ARABIC COINS,"PESTELL, T.; MARSDEN, A.",The Winchester Mint and Coins and Related Finds from the Excavations of 1961–71,0,10.2307/jj.15135964.19
Sumhuram,Hadramawt coinage Sumhuram,1995,The coinage of ancient Hadramawt The Pre‐Islamic coins in the al‐Mukallâ Museum,"SEDOV, A.; 'AYDARUS, '.",Arabian Archaeology and Epigraphy,3,10.1111/j.1600-0471.1995.tb00075.x
Sumhuram,Hadramawt coinage Sumhuram,2011,Coinage and Finance,,Roman Republican Coinage,0,10.1017/cbo9780511584015.008
Sumhuram,Hadramawt coinage Sumhuram,2023,FROM SILVER COINAGE TO COINAGE IN BILLON,,The Metallurgy of Bosporan Silver Coinage,0,10.2307/jj.7013082.8
Sumhuram,Hadramawt coinage Sumhuram,2011,Art and Coinage,,Roman Republican Coinage,0,10.1017/cbo9780511584015.011
Sumhuram,Hadramawt coinage Sumhuram,2017,The Late Anglo-Saxon Coinage,,Medieval European Coinage,0,10.1017/cbo9781139031370.011
Sumhuram,Hadramawt coinage Sumhuram,2017,Early Anglo-Saxon Gold Coinage,,Medieval European Coinage,0,10.1017/cbo9781139031370.004
Sumhuram,Hadramawt coinage Sumhuram,2015,HISTORY OF MILLED COINAGE,,English Silver Coinage,0,10.2307/j.ctvk8w17q.5
Ras Hafun,Ras Hafun coins Somalia Roman,2004,BOOKS ON ROMAN COINS.,,Roman Coins and Their Values,0,10.2307/j.ctvkwnr0p.15
Ras Hafun,Ras Hafun coins Somalia Roman,2004,DATING ROMAN IMPERIAL COINS,,Roman Coins and Their Values,0,10.2307/j.ctvkwnr0p.9
Ras Hafun,Ras Hafun coins Somalia Roman,2019,"Part I. the classical, hellenistic, roman provincial, and roman coins",,The Coins,0,10.1525/9780520927902-006
Ras Hafun,Ras Hafun coins Somalia Roman,2011,BOOKS AND MONOGRAPHS ON ROMAN COINS,,Roman Coins and Their Values Volume 4,0,10.2307/j.ctvk8w0xx.8
Ras Hafun,Ras Hafun coins Somalia Roman,2002,BOOKS AND MONOGRAPHS ON ROMAN COINS,,Roman Coins and Their Values Volume 2,0,10.2307/j.ctvk8w0s0.12
Ras Hafun,Ras Hafun coins Somalia Roman,1985,Catalogue of Roman Coins,,The McGill University Collection of Greek and Roman Coins,0,10.1075/zg.118.c1
Ras Hafun,Ras Hafun coins Somalia Roman,2014,BOOKS AND MONOGRAPHS ON ROMAN COINS,,Roman Coins and Their Values Volume 5,0,10.2307/j.ctvk8w0wf.8
Ras Hafun,Ras Hafun coins Somalia Roman,2016,The historical significance of Roman coins found in India,,Roman Coins from India,0,10.4324/9781315420691-9
Ras Hafun,Ras Hafun coins Somalia Roman,2000,BOOKS AND MONOGRAPHS ON ROMAN COINS,,Roman Coins and Their Values Volume 1,0,10.2307/j.ctvk8w0q1.9
Ras Hafun,Ras Hafun coins Somalia Roman,2016,Map to show location of finds of Roman coins in India,,Roman Coins from India,0,10.4324/9781315420691-14
Ras Hafun,Ras Hafun coins Somalia Roman,2016,Slashed coins and imitations,,Roman Coins from India,0,10.4324/9781315420691-10
Ras Hafun,Somalia Roman coins archaeology,2015,The Roman Coins,"Guest, P.",Internet Archaeology,0,10.11141/ia.40.1.guest
Ras Hafun,Somalia Roman coins archaeology,2023,"ROMAN COINS – NON-ROMAN OWNER. THE HOARD OF ROMAN IMPERIAL COINS FROM BISTRIŢA – POŞOT FOREST, ROMANIA","GAZDAC, C.; ZAGREANU, R.",JOURNAL OF ANCIENT HISTORY AND ARCHAEOLOGY,0,10.14795/j.v10i2.871
Ras Hafun,Somalia Roman coins archaeology,2017,THE ROMAN COINS,"Shotter, D.","The Roman Amphitheatre of Chester, Volume 1",0,10.2307/j.ctvh1dnx9.14
Ras Hafun,Somalia Roman coins archaeology,1999,The Interpretation of Roman Coins - Practice and Theory,"Guest, P.",Theoretical Roman Archaeology Journal,1,10.16995/trac1993_200_212
Ras Hafun,Somalia Roman coins archaeology,2013,Coins and the Archaeology of the Roman Republic,"Evans, J.",A Companion to the Archaeology of the Roman Republic,6,10.1002/9781118557129.ch7
Ras Hafun,Somalia Roman coins archaeology,2022,Roman Republican and Imperial Coins,"Wigg-Wolf, D.","The Making of a Roman Imperial Estate: Archaeology in the Vicus at Vagnari, Pugl",0,10.2307/j.ctv2m7c53j.14
Ras Hafun,Somalia Roman coins archaeology,2008,Charon’s Obols? A case study in the role of coins in Roman Burial Ritual,"Brown, L.",Theoretical Roman Archaeology Journal,5,10.16995/trac2007_121_130
Ras Hafun,Somalia Roman coins archaeology,1990,"Coins from the sacred spring at Bath - D. R. WALKER , “ROMAN COINS FROM THE SACRED SPRING AT BATH”. Part 6 (THE ROMAN COINS) in B. CUNLIFFE (ed.) THE TEMPLE OF SULIS MINERVA AT BATH, II: <i>","Davies, J.",Journal of Roman Archaeology,0,10.1017/s1047759400011302
Ras Hafun,Somalia Roman coins archaeology,2003,Coins and the Late Roman Economy,"Reece, R.",Theory and Practice in Late Antique Archaeology,2,10.1163/9789047401490_008
Ras Hafun,Somalia Roman coins archaeology,1971,Errata: Architecture on the Roman Coins of Alexandria,,American Journal of Archaeology,0,10.2307/503970
Ras Hafun,Somalia Roman coins archaeology,2020,HOARD OF ROMAN SILVER COINS FROM THE ROMAN FORUM IN STOBI,"Bitrak, S.; Josifovski, P.",JOURNAL OF ANCIENT HISTORY AND ARCHAEOLOGY,0,10.14795/j.v7i1_si.476
Ras Hafun,Somalia Roman coins archaeology,2026,"Roman Imperial Silver Coins, their Imitations and Copies in Barbaricum","Bursche, A.; Dymowski, A.; Myzgin, K.",Warsaw Studies in Archaeology,0,10.1484/m.wsa-eb.5.152157
Rufiji / Rhapta,Roman coins East Africa coast finds,2025,Chinese Coins and Porcelain on the East African Coast,"Teobaldo, F.; Morison, D.",China and Africa in the Middle Ages,0,10.4324/9781003613022-7
Rufiji / Rhapta,Roman coins East Africa coast finds,2024,New finds of Roman provincial coins in Belarus,,Acta Archaeologica Lodziensia,0,10.26485/aal/2024/70/6
Rufiji / Rhapta,Roman coins East Africa coast finds,2022,Old finds of Roman coins in the archives and collection of the National Museum in Kraków III: Dr Wacław Pancerzyński and discoveries of Roman coins in Volhynia,"Bodzek, J.; Zając, B.",Recherches Archéologiques Nouvelle Series,0,10.33547/rechacrac.ns11.02
Mafia Island,Mafia Island coins archaeology Kisimani,2012,"DATING COINS, DATING WITH COINS","LOCKYEAR, K.",Oxford Journal of Archaeology,17,10.1111/j.1468-0092.2012.00385.x
Mafia Island,Mafia Island coins archaeology Kisimani,1962,I Kilwa (including coins classified as either Kilwa or Mafia),,The Medieval History of the Coast of Tanganyika,0,10.1515/9783112707098-021
Mafia Island,Mafia Island coins archaeology Kisimani,2021,Coins in church contexts,"Ingvardson, G.",Coins in Churches,0,10.4324/9781003094814-12
Mafia Island,Mafia Island coins archaeology Kisimani,2015,Late Iron Age Coins,"Hobbs, R.",Internet Archaeology,0,10.11141/ia.40.1.hobbs
Mafia Island,Mafia Island coins archaeology Kisimani,2019,About the Silver of the Old Rus Coins,"Kozubowskij, G.",Archaeology,0,10.15407/archaeologyua2019.01.059
Socotra,Socotra coins archaeology finds,2001,"Finds of Coins from Ancient Gorgippia (Anapa), 1960-1989","Frolova,, N.",North Pontic Archaeology,0,10.1163/9789004497238_025
Socotra,Socotra coins archaeology finds,2021,Finds of West-European coins of the 11th — early 12th century at Novgorod (Rurik’s) Gorodishche,", .; Gaydukov, P.; Ushankov, E.",Archaeological News,0,10.31600/1817-6976-2021-31-53-62
Socotra,Socotra coins archaeology finds,2013,NUMISMATIC COMMENTS,,Living by the Coins,0,10.2307/j.ctv6jm9n1.5
Xiis / Heis,Xiis Heis Somalia coins necropolis,2026,"Sasanian Silver Coins from Atbatan Necropolis Near Demirchi (Shamakhi District, Azerbaijan)",,Journal of Economics and Management Advances,0,10.30546/679523.2.2026.003.099
Xiis / Heis,Xiis Heis Somalia coins necropolis,2026,"Excavation Coins from Heraclea Sintica, Season 2025: Part 1. The Necropolis","Ivanova-Anaplioti, H.",Bulgarian Numismatic Journal,0,10.60053/bulgnj.2026.4.1.45-55
Xiis / Heis,Xiis Heis Somalia coins necropolis,2016,Coins of the Viminacium Mint from the Pećine Necropolis (Viminacium),"Vojvoda, M.",Arheologija i prirodne nauke,0,10.18485/arhe_apn.2016.12.4
Xiis / Heis,Xiis Heis Somalia coins necropolis,2018,Perforated coins from graves at the Viminacium necropolis of Pecine,"Vojvoda, M.",Starinar,1,10.2298/sta1868065v
Xiis / Heis,Xiis Heis Somalia coins necropolis,2017,Coins from Thracian and Lower Moesian Mints from the Viminacium Necropolis of Pećine,"Vojvoda, M.; Tapavički-Ilić, M.",Arheologija i prirodne nauke,1,10.18485/arhe_apn.2017.13.9
Xiis / Heis,Xiis Heis Somalia coins necropolis,2015,Perforated coins from graves at the Viminacium necropolis of Vise Grobalja,"Vojvoda, M.",Starinar,2,10.2298/sta1565053v
Xiis / Heis,Xiis Heis Somalia coins necropolis,2014,"METAL FINDS, COINS, BONE, IVORY, SHELL, PLASTER, AND TERRACOTTA OBJECTS","Oleson, J.; De Bruijn, E.; Dudley, D.","Humayma Excavation Project, 2",0,10.5615/j.ctvj7wktc.19
Xiis / Heis,Xiis Heis Somalia coins necropolis,2021,COINS FROM THE BOSPORAN NECROPOLIS OF VOLNA 1 ON THE TAMAN PENINSULA,"Абрамзон, М.; Цокур, И.",Краткие сообщения Института археологии (КСИА),0,10.25681/iaras.0130-2620.263.341-359
Xiis / Heis,Xiis Heis Somalia coins necropolis,2017,Coins of the Bithynian mint of Nicaea from the Viminacium necropolis of Pecine,"Vojvoda, M.",Starinar,2,10.2298/sta1767131v
Xiis / Heis,Xiis Heis Somalia coins necropolis,2021,Coins from the “Orient” Excavation Site of the Olbian Necropolis,", .; Ivchenko, A.",Archaeology,0,10.15407/arheologia2021.03.081
Sopara / Kalyan,Kalyan Kalliena coins,2015,ANGLO-GALLIC COINS,,"Coins of Scotland, Ireland and the Islands",0,10.2307/j.ctvk8w10b.13
Sopara / Kalyan,Kalyan Kalliena coins,2019,Index of Inventoried Coins,,The Coins,0,10.1525/9780520927902-010
Sopara / Kalyan,Kalyan Kalliena coins,2017,Coins as non-coins,"Horsnæs, H.",Divina Moneta,1,10.4324/9781315577760-7
Sopara / Kalyan,Kalyan Kalliena coins,2021,The Invention of Coins,"Holt, F.",When Money Talks,0,10.1093/oso/9780197517659.003.0003
Sopara / Kalyan,Kalyan Kalliena coins,1987,COLLECTING BYZANTINE COINS,,Byzantine Coins and Their Values,0,10.2307/j.ctvkwnqv9.7
Sopara / Kalyan,Kalyan Kalliena coins,1898,VIII. KUSANA COINS,,Indian coins,0,10.1515/9783111405957-008
Sopara / Kalyan,Kalyan Kalliena coins,1987,DATES ON BYZANTINE COINS,,Byzantine Coins and Their Values,0,10.2307/j.ctvkwnqv9.11
Sopara / Kalyan,Kalyan Kalliena coins,2024,Chinese Coins,"University of Southern Mississippi, S.",,0,10.18785/fa.m173
Paithan / Nevasa,Paithan coins Satavahana Roman,2020,Chapter 9 The Coins,"Kasturi Bai, M.; Bhandare, S.; Kennet, D.","Excavations at Paithan, Maharashtra",0,10.1515/9783110653540-009
Paithan / Nevasa,Nevasa coins excavation Roman,2026,Roman coins from Wijnaldum,"Van Der Vin, J.",The Excavation Near Wijnaldum,0,10.1201/9781003761266-11
Paithan / Nevasa,Nevasa coins excavation Roman,2007,Coins from the Excavations,,The Joint Expedition to Caesarea Maritima Excavation Reports,0,10.5615/j.ctt2jc9vb.9
Paithan / Nevasa,Nevasa coins excavation Roman,2007,Catalogue of Coins from the JECM Excavations 1971–1987,,The Joint Expedition to Caesarea Maritima Excavation Reports,0,10.5615/j.ctt2jc9vb.16
Paithan / Nevasa,Nevasa coins excavation Roman,2024,ROMAN COINS,"REECE, R.; BIDDLE, M.",St Albans Abbey: The Excavation of the Chapter House 1978,0,10.2307/jj.15507144.32
Paithan / Nevasa,Nevasa coins excavation Roman,2013,The coins,"Curnow, P.","Excavation of the Iron Age, Roman and Medieval settlement at Gorhambury, St Alba",0,10.2307/j.ctvxbphtx.8
Chandraketugarh / Tamluk,Tamluk Tamralipti coins excavation,2020,Coins,"Keen, P.","The Kyrenia Ship Final Excavation Report, Volume I",0,10.2307/j.ctv13pk6bp.12
Chandraketugarh / Tamluk,Tamluk Tamralipti coins excavation,2026,Medieval coins from Wijnaldum,"Pol, A.",The Excavation Near Wijnaldum,0,10.1201/9781003761266-14
Chandraketugarh / Tamluk,Tamluk Tamralipti coins excavation,2025,ʻAmqa: The Coins,"Ariel, D.",Qadum: Journal of Excavation Reports from Israel,0,10.70967/3078-8528.1012
Chandraketugarh / Tamluk,Tamluk Tamralipti coins excavation,2026,Kafr Kama: The Coins,"Kool, R.",Qadum: Journal of Excavation Reports from Israel,0,10.70967/3078-8528.1070
Chandraketugarh / Tamluk,Tamluk Tamralipti coins excavation,2025,Khallat Abu Ḥalaḥ: The Coins,"Bijovsky, G.",Qadum: Journal of Excavation Reports from Israel,0,10.70967/3078-8528.1043
Chandraketugarh / Tamluk,Tamluk Tamralipti coins excavation,2026,Highway 3: The Coins,"Bijovsky, G.",Qadum: Journal of Excavation Reports from Israel,0,10.70967/3078-8528.1063
Dwarka / Nagara,Nagara Gujarat coins excavation,2019,Cultural importance of the Vijaya Nagara Coins,"Bhaskara Rao, P.",International Journal of Scientific and Research Publications (IJSRP),0,10.29322/ijsrp.9.04.2019.p8845
