site_key,site_display,role,region,lat,lon,ware_id,ware_name,category,count,count_unit,count_qualifier,scope,context,source,page,citation,quote,note
pattanam,Pattanam,anchor,Kerala,10.1530,76.2070,roman_amphora_unspec,Roman amphora (unspecified type),mediterranean_amphora,177,sherds,exact,season 2007,excavated,Cherian-Pattanam-Evidence-of-Maritime-Exchanges,4,"Cherian 2012, Tamil Civilization 24.1-2, Tables 1-2",,
pattanam,Pattanam,anchor,Kerala,10.1530,76.2070,roman_amphora_unspec,Roman amphora (unspecified type),mediterranean_amphora,286,sherds,exact,season 2008,excavated,Cherian-Pattanam-Evidence-of-Maritime-Exchanges,4,"Cherian 2012, Tamil Civilization 24.1-2, Tables 1-2",,
pattanam,Pattanam,anchor,Kerala,10.1530,76.2070,roman_amphora_unspec,Roman amphora (unspecified type),mediterranean_amphora,572,sherds,exact,season 2009,excavated,Cherian-Pattanam-Evidence-of-Maritime-Exchanges,4,"Cherian 2012, Tamil Civilization 24.1-2, Tables 1-2",,
pattanam,Pattanam,anchor,Kerala,10.1530,76.2070,roman_amphora_unspec,Roman amphora (unspecified type),mediterranean_amphora,2215,sherds,exact,season 2010,excavated,Cherian-Pattanam-Evidence-of-Maritime-Exchanges,4,"Cherian 2012, Tamil Civilization 24.1-2, Tables 1-2",,
pattanam,Pattanam,anchor,Kerala,10.1530,76.2070,roman_amphora_unspec,Roman amphora (unspecified type),mediterranean_amphora,2779,sherds,exact,season 2011,excavated,Cherian-Pattanam-Evidence-of-Maritime-Exchanges,4,"Cherian 2012, Tamil Civilization 24.1-2, Tables 1-2",,
pattanam,Pattanam,anchor,Kerala,10.1530,76.2070,roman_amphora_unspec,Roman amphora (unspecified type),mediterranean_amphora,6029,sherds,exact,2007-2011 (5 seasons),excavated,Cherian-Pattanam-Evidence-of-Maritime-Exchanges,4,"Cherian 2012, Tamil Civilization 24.1-2, Tables 1-2",,season figures sum exactly to the printed total
pattanam,Pattanam,anchor,Kerala,10.1530,76.2070,mes_glazed,Mesopotamian Glazed Ware,mesopotamian,71,sherds,exact,season 2007,excavated,Cherian-Pattanam-Evidence-of-Maritime-Exchanges,4,"Cherian 2012, Tamil Civilization 24.1-2, Tables 1-2",,
pattanam,Pattanam,anchor,Kerala,10.1530,76.2070,mes_glazed,Mesopotamian Glazed Ware,mesopotamian,107,sherds,exact,season 2008,excavated,Cherian-Pattanam-Evidence-of-Maritime-Exchanges,4,"Cherian 2012, Tamil Civilization 24.1-2, Tables 1-2",,
pattanam,Pattanam,anchor,Kerala,10.1530,76.2070,mes_glazed,Mesopotamian Glazed Ware,mesopotamian,66,sherds,exact,season 2009,excavated,Cherian-Pattanam-Evidence-of-Maritime-Exchanges,4,"Cherian 2012, Tamil Civilization 24.1-2, Tables 1-2",,
pattanam,Pattanam,anchor,Kerala,10.1530,76.2070,mes_glazed,Mesopotamian Glazed Ware,mesopotamian,422,sherds,exact,season 2010,excavated,Cherian-Pattanam-Evidence-of-Maritime-Exchanges,4,"Cherian 2012, Tamil Civilization 24.1-2, Tables 1-2",,
pattanam,Pattanam,anchor,Kerala,10.1530,76.2070,mes_glazed,Mesopotamian Glazed Ware,mesopotamian,861,sherds,exact,season 2011,excavated,Cherian-Pattanam-Evidence-of-Maritime-Exchanges,4,"Cherian 2012, Tamil Civilization 24.1-2, Tables 1-2",,
pattanam,Pattanam,anchor,Kerala,10.1530,76.2070,mes_glazed,Mesopotamian Glazed Ware,mesopotamian,1527,sherds,exact,2007-2011 (5 seasons),excavated,Cherian-Pattanam-Evidence-of-Maritime-Exchanges,4,"Cherian 2012, Tamil Civilization 24.1-2, Tables 1-2",,season figures sum exactly to the printed total
pattanam,Pattanam,anchor,Kerala,10.1530,76.2070,torpedo_jar,Torpedo jar,mesopotamian,50,sherds,exact,season 2007,excavated,Cherian-Pattanam-Evidence-of-Maritime-Exchanges,4,"Cherian 2012, Tamil Civilization 24.1-2, Tables 1-2",,
pattanam,Pattanam,anchor,Kerala,10.1530,76.2070,torpedo_jar,Torpedo jar,mesopotamian,156,sherds,exact,season 2008,excavated,Cherian-Pattanam-Evidence-of-Maritime-Exchanges,4,"Cherian 2012, Tamil Civilization 24.1-2, Tables 1-2",,
pattanam,Pattanam,anchor,Kerala,10.1530,76.2070,torpedo_jar,Torpedo jar,mesopotamian,142,sherds,exact,season 2009,excavated,Cherian-Pattanam-Evidence-of-Maritime-Exchanges,4,"Cherian 2012, Tamil Civilization 24.1-2, Tables 1-2",,
pattanam,Pattanam,anchor,Kerala,10.1530,76.2070,torpedo_jar,Torpedo jar,mesopotamian,767,sherds,exact,season 2010,excavated,Cherian-Pattanam-Evidence-of-Maritime-Exchanges,4,"Cherian 2012, Tamil Civilization 24.1-2, Tables 1-2",,
pattanam,Pattanam,anchor,Kerala,10.1530,76.2070,torpedo_jar,Torpedo jar,mesopotamian,1983,sherds,exact,season 2011,excavated,Cherian-Pattanam-Evidence-of-Maritime-Exchanges,4,"Cherian 2012, Tamil Civilization 24.1-2, Tables 1-2",,
pattanam,Pattanam,anchor,Kerala,10.1530,76.2070,torpedo_jar,Torpedo jar,mesopotamian,3098,sherds,exact,2007-2011 (5 seasons),excavated,Cherian-Pattanam-Evidence-of-Maritime-Exchanges,4,"Cherian 2012, Tamil Civilization 24.1-2, Tables 1-2",,season figures sum exactly to the printed total
pattanam,Pattanam,anchor,Kerala,10.1530,76.2070,rouletted_ware,Rouletted Ware (Wheeler Type 1),indian_fineware,1037,sherds,exact,season 2007,excavated,Cherian-Pattanam-Evidence-of-Maritime-Exchanges,4,"Cherian 2012, Tamil Civilization 24.1-2, Tables 1-2",,
pattanam,Pattanam,anchor,Kerala,10.1530,76.2070,rouletted_ware,Rouletted Ware (Wheeler Type 1),indian_fineware,1266,sherds,exact,season 2008,excavated,Cherian-Pattanam-Evidence-of-Maritime-Exchanges,4,"Cherian 2012, Tamil Civilization 24.1-2, Tables 1-2",,
pattanam,Pattanam,anchor,Kerala,10.1530,76.2070,rouletted_ware,Rouletted Ware (Wheeler Type 1),indian_fineware,442,sherds,exact,season 2009,excavated,Cherian-Pattanam-Evidence-of-Maritime-Exchanges,4,"Cherian 2012, Tamil Civilization 24.1-2, Tables 1-2",,
pattanam,Pattanam,anchor,Kerala,10.1530,76.2070,rouletted_ware,Rouletted Ware (Wheeler Type 1),indian_fineware,3320,sherds,exact,season 2010,excavated,Cherian-Pattanam-Evidence-of-Maritime-Exchanges,4,"Cherian 2012, Tamil Civilization 24.1-2, Tables 1-2",,
pattanam,Pattanam,anchor,Kerala,10.1530,76.2070,rouletted_ware,Rouletted Ware (Wheeler Type 1),indian_fineware,2469,sherds,exact,season 2011,excavated,Cherian-Pattanam-Evidence-of-Maritime-Exchanges,4,"Cherian 2012, Tamil Civilization 24.1-2, Tables 1-2",,
pattanam,Pattanam,anchor,Kerala,10.1530,76.2070,rouletted_ware,Rouletted Ware (Wheeler Type 1),indian_fineware,8534,sherds,exact,2007-2011 (5 seasons),excavated,Cherian-Pattanam-Evidence-of-Maritime-Exchanges,4,"Cherian 2012, Tamil Civilization 24.1-2, Tables 1-2",,season figures sum exactly to the printed total
pattanam,Pattanam,anchor,Kerala,10.1530,76.2070,sigillata_unspec,Sigillata (unspecified),mediterranean_fineware,2,sherds,exact,season 2007,excavated,Cherian-Pattanam-Evidence-of-Maritime-Exchanges,4,"Cherian 2012, Tamil Civilization 24.1-2, Tables 1-2",,
pattanam,Pattanam,anchor,Kerala,10.1530,76.2070,sigillata_unspec,Sigillata (unspecified),mediterranean_fineware,7,sherds,exact,season 2008,excavated,Cherian-Pattanam-Evidence-of-Maritime-Exchanges,4,"Cherian 2012, Tamil Civilization 24.1-2, Tables 1-2",,
pattanam,Pattanam,anchor,Kerala,10.1530,76.2070,sigillata_unspec,Sigillata (unspecified),mediterranean_fineware,0,sherds,exact,season 2009,excavated,Cherian-Pattanam-Evidence-of-Maritime-Exchanges,4,"Cherian 2012, Tamil Civilization 24.1-2, Tables 1-2",,
pattanam,Pattanam,anchor,Kerala,10.1530,76.2070,sigillata_unspec,Sigillata (unspecified),mediterranean_fineware,2,sherds,exact,season 2010,excavated,Cherian-Pattanam-Evidence-of-Maritime-Exchanges,4,"Cherian 2012, Tamil Civilization 24.1-2, Tables 1-2",,
pattanam,Pattanam,anchor,Kerala,10.1530,76.2070,sigillata_unspec,Sigillata (unspecified),mediterranean_fineware,111,sherds,exact,season 2011,excavated,Cherian-Pattanam-Evidence-of-Maritime-Exchanges,4,"Cherian 2012, Tamil Civilization 24.1-2, Tables 1-2",,
pattanam,Pattanam,anchor,Kerala,10.1530,76.2070,sigillata_unspec,Sigillata (unspecified),mediterranean_fineware,122,sherds,exact,2007-2011 (5 seasons),excavated,Cherian-Pattanam-Evidence-of-Maritime-Exchanges,4,"Cherian 2012, Tamil Civilization 24.1-2, Tables 1-2",,season figures sum exactly to the printed total
pattanam,Pattanam,anchor,Kerala,10.1530,76.2070,local_pottery,Local coarse pottery,indigenous,3537464,sherds,exact,2007-2011 (5 seasons),excavated,Cherian-Pattanam-Evidence-of-Maritime-Exchanges,4,"Cherian 2012, Tamil Civilization 24.1-2, Tables 1-2",,local coarse pottery; the assemblage denominator
pattanam,Pattanam,anchor,Kerala,10.1530,76.2070,roman_coin,Roman coin,coin,98,coins,exact,2007-2011 (5 seasons),excavated,Cherian-Pattanam-Evidence-of-Maritime-Exchanges,4,"Cherian 2012, Tamil Civilization 24.1-2, Tables 1-2",,"Cherian Table 1, 'Coins'"
pattanam,Pattanam,anchor,Kerala,10.1530,76.2070,bead,Bead (glass or stone),small_find,38718,beads,exact,2007-2011 (5 seasons),excavated,Cherian-Pattanam-Evidence-of-Maritime-Exchanges,4,"Cherian 2012, Tamil Civilization 24.1-2, Tables 1-2",,"Cherian Table 1, 'Glass beads'"
pattanam,Pattanam,anchor,Kerala,10.1530,76.2070,bead,Bead (glass or stone),small_find,547,beads,exact,2007-2011 (5 seasons),excavated,Cherian-Pattanam-Evidence-of-Maritime-Exchanges,4,"Cherian 2012, Tamil Civilization 24.1-2, Tables 1-2",,"Cherian Table 1, 'Stone beads'"
pattanam,Pattanam,anchor,Kerala,10.1530,76.2070,intaglio,Intaglio / gem,small_find,48,objects,exact,2007-2011 (5 seasons),excavated,Cherian-Pattanam-Evidence-of-Maritime-Exchanges,4,"Cherian 2012, Tamil Civilization 24.1-2, Tables 1-2",,"Cherian Table 1, 'Cameo blanks'"
pattanam,Pattanam,anchor,Kerala,10.1530,76.2070,roman_glass,Roman glass,glass,1338,fragments,exact,2007-2011 (5 seasons),excavated,Cherian-Pattanam-Evidence-of-Maritime-Exchanges,4,"Cherian 2012, Tamil Civilization 24.1-2, Tables 1-2",,"Cherian Table 1, 'Glass fragments'"
pattanam,Pattanam,anchor,Kerala,10.1530,76.2070,lamp,Roman lamp,small_find,38,lamps,exact,2007-2011 (5 seasons),excavated,Cherian-Pattanam-Evidence-of-Maritime-Exchanges,4,"Cherian 2012, Tamil Civilization 24.1-2, Tables 1-2",,"Cherian Table 1, 'Lamps'"
berenike,Berenike,anchor,Egyptian Red Sea,23.9106,35.4761,bead,Bead (glass or stone),small_find,650,beads,approximate,2014-2015 seasons,excavated,PAM-27-2020-includes-Aynuna-on-the-Red-Sea,204,"Then-Oblduska, PAM 27/1 (2018)","Almost 650 beads and pendants, most of them of glass and faience, were excavated over two seasons in 2014 and 2015 at Berenike",
berenike,Berenike,anchor,Egyptian Red Sea,23.9106,35.4761,roman_coin,Roman coin,coin,9,percent,exact,2nd-3rd c. AD share of the coin assemblage,excavated,Sidebotham-2011-Berenike-and-the-Ancient-Maritime-Spice,265,Sidebotham 2011: 265,Second- and third-century issues account for only about 9 percent of the total,
berenike,Berenike,anchor,Egyptian Red Sea,23.9106,35.4761,roman_coin,Roman coin,coin,34,percent,exact,2nd quarter 4th - early 5th c. AD share of the coin assemblage,excavated,Sidebotham-2011-Berenike-and-the-Ancient-Maritime-Spice,265,Sidebotham 2011: 265,coins from the second quarter of the fourth into the late fourth and the early fifth centuries make up about 34 percent of the total,
pattanam,Pattanam,anchor,Kerala,10.1530,76.2070,roman_glass,Roman glass,glass,400,fragments,exact,season 2011,excavated,Cherian-2011-Pattanam-5th-Season-Field-Report,5,"Cherian 2011, 5th season field report",400 glass fragments were recovered and this is so far the largest number reported from Pattanam,"conflicts with Cherian 2012 Table 1, which gives 778 glass fragments for 2011"
pattanam,Pattanam,anchor,Kerala,10.1530,76.2070,roman_glass,Roman glass,glass,906,fragments,approximate,2007-2014,excavated,Historical-Archaeology-Iron-Age-Early-Historic-Kerala,10,Historical Archaeology of Iron Age and Early Historic Kerala,About 906 glass fragments including Roman pillared bowl were found at Pattanam from 2007-2014,"conflicts with Cherian 2012 Table 1 (1,338 glass fragments by 2011); the later window reports fewer"
pattanam,Pattanam,anchor,Kerala,10.1530,76.2070,torpedo_jar,Torpedo jar,mesopotamian,398,sherds,approximate,2007-2014,excavated,Historical-Archaeology-Iron-Age-Early-Historic-Kerala,10,Historical Archaeology of Iron Age and Early Historic Kerala,About 398 Torpedo jar shreds were found at Pattanam excavations from 2007-2014,"irreconcilable with Cherian 2012 (3,098 by 2011); probably a transcription slip for 3,098"
pattanam,Pattanam,anchor,Kerala,10.1530,76.2070,sigillata_unspec,Sigillata (unspecified),mediterranean_fineware,2,sherds,exact,stamped examples only,excavated,PAMA-Unearthing-Pattanam-Excavation-Catalogue,28,"PAMA, Unearthing Pattanam catalogue",Pattanam has produced two stamped Terra Sigillata sherds,subset of the 122 sigillata sherds
pattanam,Pattanam,anchor,Kerala,10.1530,76.2070,roman_coin,Roman coin,coin,3,hoards,exact,hoards in the vicinity,vicinity (not on site),Shajan-Tomber-Selvakumar-Cherian-2004-JRA-Locating-the-Ancient-Port-of-Muziris,5,"Shajan, Tomber, Selvakumar & Cherian 2004, JRA 17","4 were found in the vicinity of Pattanam: three containing Roman coins, at Eyyal, Valluvalli and Kumbalam","Eyyal, Valluvalli, Kumbalam; a 4th hoard at Puthenchira is punch-marked, not Roman"
arikamedu,Arikamedu,anchor,Coromandel,11.9000,79.8200,roman_amphora_unspec,Roman amphora (unspecified type),mediterranean_amphora,116,sherds,exact,Wheeler's 1945 excavation,excavated,Tomber-2008-Indo-Roman-Trade-From-Pots-to-Pepper,16,"Tomber 2008: 16, citing Wheeler et al. 1946",Wheeler found 116 sherds of amphorae and 38 of terra sigillata,"Pattanam's 6,029 amphora sherds now exceed Arikamedu by a factor of ~52"
arikamedu,Arikamedu,anchor,Coromandel,11.9000,79.8200,sigillata_unspec,Sigillata (unspecified),mediterranean_fineware,38,sherds,exact,Wheeler's 1945 excavation,excavated,Tomber-2008-Indo-Roman-Trade-From-Pots-to-Pepper,16,"Tomber 2008: 16, citing Wheeler et al. 1946",Wheeler found 116 sherds of amphorae and 38 of terra sigillata,
xiis,Xiis (Heis),comparandum,Horn of Africa,11.1300,47.1500,bead,Bead (glass or stone),small_find,2,beads,exact,Tomb 14,excavated,apa-IndOc-Gulf-Xiis-Fernandez2022,22,Fernandez et al. 2022,"found in Tomb 14, along with two cylindrical agate beads",
