port,year,title,doi,reason
Rhapta,2021,"A Find of Transoceanic Pottery at Bwejuu Island of the Rufiji Delta and Mafia Island, Tanzania: More Clue to the Elusive Ancient Azania’s Metropolis of Rhapta",10.11648/j.ija.20210901.14,not a PDF
Rhapta,2016,"L-Band Polarimetric Target Decomposition of Mangroves of the Rufiji Delta, Tanzania",10.3390/rs8020140,HTTP Error 403: Forbidden
Rhapta,1996,"Multivariable time series sediment dynamical model and its identification in Rufiji Delta, Tanzania",10.1016/0307-904x(96)00080-7,HTTP Error 403: Forbidden
Rhapta,2022,"Integrating spatial and legacy data to understand archaeological sites in their landscape. A case study from Unguja Ukuu, Zanzibar",10.1002/arp.1885,HTTP Error 403: Forbidden
Rhapta,2018,"Characterising marine mollusc exploitation in the eastern African Iron Age: Archaeomalacological evidence from Unguja Ukuu and Fukuchani, Zanzibar",10.1016/j.quaint.2017.08.051,HTTP Error 403: Forbidden
Leuke Kome,2008,"GEOCHEMISTRY OF SOME RECENT SURFACE SEDIMENTS NORTH AL WAJH, NW SAUDI ARABIA",10.21608/djs.2008.152959,HTTP Error 429: Too Many Requests
Berenike,2019,Excavation of the small animal cemetery at the Roman Red Sea harbor of Berenike in 2018 and 2019,10.31338/uw.2083-537x.pam28.2.11,not a PDF
Berenike,2021,"""Barbarians"" and Blemmyes: Who Was in Control of the Red Sea Port of Berenike in the Late Antique Period?",10.1353/jla.2021.0029,not a PDF
Myos Hormos,2013,"D. Peacock &amp; L. Blue (eds.), Myos Hormos – Quseir al-Qadim Roman and Islamic Ports on the Red Sea, Volume 2: Finds from the Excavations 1999-2003",10.2458/azu_jaei_v05i1_zazzaro,not a PDF
Myos Hormos,2013,"Marijke Van der Veen, Consumption, Trade and Innovation. Exploring the Botanical Remains from the Roman and Islamic Ports at Quseir al-Qadim, Egypt (Journal of African Archaeology Monograph Series 6)",10.4000/syria.2032,not a PDF
Kane / Qana,2011,"Qāni’. Le port antique du Hadramawt entre la Méditerranée, l’Afrique et l’Inde. Fouilles russes 1972, 1985-1989, 1991, 1993-1994",10.4000/oceanindien.1370,not a PDF
Moscha / Sumhuram,2024,"Investigating the Upper Holocene palaeoenvironment and human subsistence strategy in the Khor Rori coastal area by studying mollusc remains from the Inqitat plateau (Dhofar, Sultanate of Oman)",10.1002/jqs.3610,HTTP Error 403: Forbidden
general,2015,4 Roman Policy on the Red Sea in the Second Century ce,10.1163/9789004289536_006,not a PDF
general,2021,"Marine Shell Working at Harlaa, Ethiopia, and the Implications for Red Sea Trade",10.1163/21915784-20210001,not a PDF
