ptolemy_name,key,p_lon,p_lat
Byzantium,byzantium,41.0,43.083333333333336
Smyrna,smyrna,88.46666666666667,88.58333333333333
Issus,issus,37.0,37.416666666666664
Hierapolis,hierapolis,86.46666666666667,36.25
Hekatompylos,hekatompylos,35.666666666666664,37.0
Caralis in Sardinia,caralisinsardinia,32.5,27.5
Lilybfieum in Sicily,lilybfieuminsicily,37.0,30.75
Sicily,sicily,40.0,33.416666666666664
Rhodes,rhodes,58.333333333333336,46.75
Sapara,sapara,112.0,30.0
Sabalaessa,sabalaessa,113.0,20.25
Lonibare,lonibare,113.5,20.25
Bardaxema,bardaxema,113.0,40.0
Syrastra,syrastra,114.0,19.5
Monoglosson,monoglosson,114.16666666666667,18.666666666666668
Pakidare,pakidare,113.0,17.0
KamanS,kamans,112.0,17.0
Nausaripa,nausaripa,112.5,16.5
Poulipoula,poulipoula,112.5,16.0
Soupara,soupara,112.5,15.0
Mouth of the River Goaris,mouthoftherivergoaris,112.25,15.0
Dounga,dounga,111.5,15.0
Simylla,simylla,110.0,14.75
Hippokoura,hippokoura,111.75,14.0
Baltipatna,baltipatna,110.5,14.333333333333334
Mandagara,mandagara,113.0,14.0
Khersonesos,khersonesos,114.33333333333333,14.5
Armagara,armagara,114.33333333333333,14.0
Kitra,kitra,115.5,14.666666666666666
Tyndis,tyndis,116.0,14.5
Bramagara,bramagara,116.75,14.0
Kalaikarias,kalaikarias,116.66666666666667,14.0
Mouziris,mouziris,117.0,14.0
Semne,semne,118.0,14.0
Koreoura,koreoura,118.66666666666667,14.333333333333334
Bakarei,bakarei,119.5,14.0
Mouth of the River Baris...l,mouthoftheriverbarisl,20.0,14.333333333333334
Melkynda,melkynda,120.33333333333333,14.333333333333334
Sosikourai,sosikourai,122.0,14.5
Kolkhoi,kolkhoi,123.0,15.0
Mouth of the river Solen,mouthoftheriversolen,124.0,14.666666666666666
Kory,kory,25.0,40.0
Argeirou,argeirou,125.25,14.5
Salour,salour,125.33333333333333,15.5
Thelkheir,thelkheir,127.0,16.166666666666668
Kouroula,kouroula,128.0,16.0
Podouke,podouke,130.25,14.0
Kontakossyla,kontakossyla,134.5,11.666666666666666
Koddoura,koddoura,135.0,11.5
Allosygne,allosygne,135.0,40.0
Paloura or Pakoura,palouraorpakoura,136.66666666666666,11.333333333333334
Nanigaina,nanigaina,136.33333333333334,12.0
Katikardama,katikardama,136.33333333333334,12.666666666666666
Kannagara,kannagara,136.5,13.5
Mouth of the River Manada,mouthoftherivermanada,137.0,14.0
Kottobara,kottobara,137.25,14.666666666666666
Mouth of the River Tyndis...l,mouthoftherivertyndisl,38.5,16.0
Maponra,maponra,139.0,16.0
Mouth of the Dosaron,mouthofthedosaron,141.0,17.0
Kokala,kokala,142.0,18.0
Mouth of the River Adamasl,mouthoftheriveradamasl,42.666666666666664,18.0
Kosamba or Kosaba,kosambaorkosaba,143.5,18.25
Poloura,poloura,145.0,18.0
Mega,mega,145.75,18.5
Tilogrammon,tilogrammon,147.33333333333334,18.0
The fifth mouth,thefifthmouth,148.5,18.25
Sources of the River Koa,sourcesoftheriverkoa,120.0,37.0
Sources of the River Indus,sourcesoftheriverindus,125.0,37.0
Sources of the River Sandabal,sourcesoftheriversandabal,129.0,36.0
Rouadis,rouadis,130.0,37.0
Sources of the River Bidasis..l,sourcesoftheriverbidasisl,31.0,35.0
Zaradros,zaradros,132.0,36.0
Indus,indus,124.0,31.0
Souastos,souastos,122.5,31.666666666666668
Bidaspes,bidaspes,125.0,30.0
Bibasis,bibasis,131.0,34.0
Adris,adris,126.5,31.5
Sandabal,sandabal,126.0,40.0
Mt. Ouindionl,mtouindionl,23.0,29.5
Divarication,divarication,127.0,27.0
Paropanisadai,paropanisadai,121.5,33.0
Khariphon mouth,khariphonmouth,113.0,3.0
Sapai-a,sapaia,112.5,21.75
Sabalaessa mouth,sabalaessamouth,113.0,21.333333333333332
Sources of the Ganges itself,sourcesofthegangesitself,136.0,37.0
The sources of the river,thesourcesoftheriver,131.0,28.0
Ouxenton range,ouxentonrange,142.0,28.0
The sources of the divarication,thesourcesofthedivarication,137.0,23.0
Kambyson Mouth,kambysonmouth,146.0,22.0
Pseudostomos,pseudostomos,146.5,20.0
Mouth,mouth,145.0,20.0
Ouindion rangel,ouindionrangel,27.0,26.5
The point where it turns,thepointwhereitturns,118.0,30.0
Baris in the Bettigo range,barisinthebettigorange,127.0,26.5
Mountains,mountains,133.0,17.0
Toundis in the Ouxenton range,toundisintheouxentonrange,137.0,22.5
Dosaron in the same range,dosaroninthesamerange,140.0,24.0
Adamas in the same range,adamasinthesamerange,142.0,24.0
Kaisana,kaisana,120.0,34.333333333333336
Barborana ',barborana,120.25,33.666666666666664
Gorya,gorya,122.0,34.75
Nagara or Dionysopolis,nagaraordionysopolis,121.75,33.0
Drastoka,drastoka,120.0,30.0
Proklais,proklais,123.0,32.0
Naulibi,naulibi,124.33333333333333,33.333333333333336
Ithagouros,ithagouros,125.66666666666667,33.333333333333336
Taxiala,taxiala,125.0,32.25
Labaka,labaka,127.5,34.25
Astrassos,astrassos,131.25,34.25
Labokla,labokla,128.0,33.0
Batanagra,batanagra,130.0,33.0
Arispara,arispara,130.0,32.0
Amakatis,amakatis,128.25,32.333333333333336
Ostobalasara,ostobalasara,129.0,32.0
Kaspeira,kaspeira,127.0,31.25
Daidala,daidala,128.0,30.0
Indabara,indabara,127.25,30.0
Liganeira,liganeira,125.5,29.0
Khonnamagara,khonnamagara,128.0,29.333333333333332
Gagasmira,gagasmira,126.66666666666667,27.5
Metropolis,metropolis,123.0,26.0
Konta,konta,133.0,30.0
Margara,margara,135.0,34.0
Passala,passala,137.0,34.25
Orza,orza,136.0,33.333333333333336
Persakra,persakra,134.0,32.666666666666664
Sannaba,sannaba,135.0,32.5
Adisdara,adisdara,136.0,31.5
Kanagora,kanagora,135.0,30.666666666666668
Kindia ...',kindia,137.0,30.333333333333332
Aninakha,aninakha,137.33333333333334,31.666666666666668
Koangka,koangka,138.33333333333334,31.5
EmpMathra,empmathra,130.0,30.0
Nadoubandagar,nadoubandagar,138.66666666666666,29.0
Tamasis,tamasis,133.0,29.0
Kouraporeina,kouraporeina,130.0,29.0
Artoarta,artoarta,121.5,31.25
Andrapana,andrapana,121.25,30.666666666666668
Sabana,sabana,122.33333333333333,32.0
Banagara,banagara,122.26666666666667,30.666666666666668
Kodrana,kodrana,121.25,29.333333333333332
Embolima,embolima,124.0,31.0
Asigramma,asigramma,123.0,29.0
Tiausa,tiausa,121.5,29.0
Aristobathra,aristobathra,120.0,27.5
Azika,azika,119.33333333333333,27.0
Pardabathra,pardabathra,117.0,23.0
Piska,piska,116.5,25.0
Sousikana,sousikana,112.0,22.333333333333332
Bonis,bonis,111.0,21.5
Kdlaka,kdlaka,110.5,20.666666666666668
Barbarei,barbarei,113.0,15.0
Xodrake,xodrake,116.0,24.0
Sarbana,sarbana,116.0,22.833333333333332
Auxoamis,auxoamis,115.5,22.333333333333332
Asinda,asinda,114.25,22.0
Orbadarou or Ordabari,orbadarouorordabari,115.0,22.0
Theophila,theophila,114.25,21.0
Astakapra,astakapra,114.66666666666667,20.25
Panasa,panasa,122.5,29.0
Boudaia,boudaia,121.25,28.25
Kamigara,kamigara,119.0,26.333333333333332
Binagara,binagara,118.0,25.333333333333332
Parabali,parabali,116.5,24.5
Sydros,sydros,114.0,21.333333333333332
Epitausa,epitausa,113.75,22.5
Xoana,xoana,113.5,21.5
Barygaza,barygaza,113.25,17.333333333333332
Agrinagara,agrinagara,118.25,22.5
Siripalla,siripalla,118.5,21.5
Bammogoura,bammogoura,116.0,20.75
Sazantion,sazantion,115.5,20.5
Minagara,minagara,115.16666666666667,19.5
Tiatoura,tiatoura,115.83333333333333,18.833333333333332
Nasika,nasika,114.0,17.0
Nigranigramma,nigranigramma,124.0,28.25
Antakhara,antakhara,122.0,27.333333333333332
Soudaflanna,soudaflanna,123.0,26.833333333333332
Tisapatinga,tisapatinga,123.0,24.333333333333332
Kognabanda,kognabanda,120.25,23.0
Ozoabis,ozoabis,120.5,23.666666666666668
Ostha,ostha,122.5,23.5
Kosa,kosa,121.33333333333333,22.5
Agara,agara,129.0,20.0
Adeisathra,adeisathra,128.5,24.5
Soara,soara,124.33333333333333,24.0
Nygdosora,nygdosora,125.0,23.0
Anara,anara,122.5,22.333333333333332
Arkatos,arkatos,130.0,21.0
Bridama,bridama,134.5,27.5
Tholoubana,tholoubana,136.33333333333334,27.0
Malaita,malaita,136.5,25.833333333333332
Maleiba,maleiba,140.0,27.0
Aspathis,aspathis,138.5,25.333333333333332
Balantipyrgon,balantipyrgon,136.5,23.5
Asthagoura,asthagoura,142.0,25.0
Sambalaka,sambalaka,141.0,29.5
Sigalla,sigalla,142.0,28.0
Oreophanta,oreophanta,146.5,24.5
Brakhme,brakhme,128.0,19.0
Tathilba,tathilba,134.0,18.833333333333332
Opotoura,opotoura,137.5,21.666666666666668
Ozoana,ozoana,138.26666666666668,20.5
Dosara,dosara,142.5,22.5
Kartinaga,kartinaga,146.0,23.0
Kartasina,kartasina,146.0,21.666666666666668
Benagouron,benagouron,140.0,20.25
Kastra,kastra,138.0,19.5
Tasopion,tasopion,140.5,22.0
Karikardama,karikardama,141.0,20.25
Gangfi,gangfi,146.0,19.25
MaUppala,mauppala,119.5,20.25
Sarisabis,sarisabis,119.5,20.0
Tagara,tagara,118.0,19.333333333333332
Deopali or Deopala,deopaliordeopala,115.66666666666667,17.833333333333332
Gamaliba,gamaliba,115.25,17.333333333333332
Omenogara,omenogara,114.0,16.333333333333332
Inde,inde,123.0,20.75
Tiripangalida,tiripangalida,121.25,19.666666666666668
Soubouttou,soubouttou,120.25,19.0
Sirimalaga,sirimalaga,119.33333333333333,18.5
KaUigeris,kauigeris,118.0,18.0
ModogorQla,modogorqla,119.0,18.0
Petirgala,petirgala,117.76666666666667,17.25
Banaouasei,banaouasei,116.0,16.75
Mousopalle,mousopalle,115.5,15.0
Naroulla,naroulla,117.75,15.0
Kouba,kouba,117.0,15.0
Mastanour,mastanour,121.5,18.0
Kourellour,kourellour,119.0,17.5
Pounnata,pounnata,121.33333333333333,17.0
Aloe,aloe,120.33333333333333,17.0
Kerobothros,kerobothros,119.0,16.0
Arembour,arembour,121.0,16.0
Bideris,bideris,119.0,15.833333333333334
Pantipolis,pantipolis,118.0,15.0
Adarima,adarima,119.5,15.666666666666666
Koreour,koreour,120.0,15.0
Morounda,morounda,121.33333333333333,14.333333333333334
Tittoua,tittoua,122.0,16.0
Maatittoar,maatittoar,123.0,15.166666666666666
Tainour,tainour,124.75,18.666666666666668
Peringkarei,peringkarei,123.33333333333333,18.0
Korindiour,korindiour,125.0,17.666666666666668
Tangala or Taga,tangalaortaga,123.5,16.833333333333332
Pandion,pandion,125.0,16.333333333333332
Akour,akour,124.75,15.0
Kalindoia,kalindoia,127.66666666666667,17.0
Bata,bata,126.5,17.0
Tennaofora,tennaofora,132.0,17.0
Eikour,eikour,129.0,16.666666666666668
Bere,bere,130.33333333333334,16.25
Abour,abour,129.0,16.0
Karmara,karmara,130.33333333333334,15.666666666666666
Magour,magour,130.0,15.25
Kerauge,kerauge,133.0,16.25
Phrourion,phrourion,132.0,15.0
Karige,karige,132.66666666666666,15.0
Skopoloura,skopoloura,134.25,14.583333333333334
Ikarta,ikarta,133.5,13.666666666666666
Basaronagos,basaronagos,133.0,13.0
Kandipatna,kandipatna,133.0,30.0
Kalliga,kalliga,138.0,17.0
Bardamana,bardamana,136.25,15.25
Pharytra or Pharetra,pharytraorpharetra,134.33333333333334,13.333333333333334
Pityndra,pityndra,135.33333333333334,12.5
Heptanesia,heptanesia,113.0,13.0
Trikadiba,trikadiba,113.5,11.0
Peperine,peperine,115.0,12.666666666666666
Trinesia,trinesia,116.0,20.0
Nanigeris,nanigeris,122.0,12.0
PentapoHs,pentapohs,150.0,18.0
Mouth of River Katabeda,mouthofriverkatabeda,151.33333333333334,17.0
Barakoura,barakoura,152.5,16.0
Sambra,sambra,153.5,13.75
Sada,sada,154.0,20.0
Mouth of the River Sados,mouthoftheriversados,153.0,30.0
Berabonsa,berabonsa,155.0,30.166666666666668
Temala,temala,157.0,30.0
Mouth of the River Besynga,mouthoftheriverbesynga,162.33333333333334,8.416666666666666
Besyuga,besyuga,102.0,9.0
Berabai,berabai,162.33333333333334,6.0
Takola,takola,160.0,4.25
The Cape beyond it,thecapebeyondit,158.66666666666666,2.6666666666666665
Samarade,samarade,163.0,4.833333333333333
Pagrasa,pagrasa,165.0,4.0
Mouth of ihe River Sobanos,mouthofiheriversobanos,165.66666666666666,4.0
Akadra,akadra,167.0,4.75
Zabai,zabai,168.66666666666666,40.0
Gulf begins .',gulfbegins,169.5,4.25
Throana,throana,167.0,8.5
Mouth of the River Doanas,mouthoftheriverdoanas,167.0,10.0
Kortatha,kortatha,167.0,12.5
Sinda,sinda,167.25,16.666666666666668
Mouth of the River Dorias,mouthoftheriverdorias,168.0,15.5
Aganagara,aganagara,169.0,16.333333333333332
Ganges in,gangesin,140.25,30.0
Ddrias rises in,ddriasrisesin,164.5,28.0
Bepyrrhos rises in,bepyrrhosrisesin,163.0,27.5
The two streams unite in,thetwostreamsunitein,160.33333333333334,19.0
Attabas in about,attabasinabout,161.0,2.3333333333333335
Khrysoanas in about,khrysoanasinabout,161.0,1.3333333333333333
Sapolos,sapolos,139.33333333333334,35.0
Stoma,stoma,138.66666666666666,34.666666666666664
Heorta,heorta,138.5,34.0
Rhappha,rhappha,137.66666666666666,33.666666666666664
Boraita,boraita,142.33333333333334,29.0
Korygaza,korygaza,143.5,27.25
Kelydna,kelydna,146.0,25.5
Talarga,talarga,146.66666666666666,21.666666666666668
Selamponra,selamponra,148.5,33.333333333333336
Eldana,eldana,152.0,31.0
Asanabara,asanabara,155.0,31.0
Arkhinara,arkhinara,163.0,31.0
Souanagoura,souanagoura,145.5,29.5
Sagoda or Sadoga,sagodaorsadoga,155.33333333333334,29.333333333333332
Anina,anina,162.0,29.0
Salatha,salatha,165.66666666666666,28.333333333333332
Alosanga,alosanga,152.0,24.25
Adeisaga,adeisaga,159.5,23.0
Kimara,kimara,170.0,23.25
Parisara,parisara,179.0,21.5
Tougma,tougma,152.5,22.25
Ariaabion,ariaabion,158.5,22.5
Posinara,posinara,162.25,22.833333333333332
Lariagara,lariagara,162.5,18.25
Rhingiberi,rhingiberi,166.0,18.0
Agimoitha,agimoitha,170.66666666666666,18.666666666666668
Tomara,tomara,172.0,18.0
Daeana or Doana,daeanaordoana,165.0,15.0
Malthoura,malthoura,158.0,12.0
Balongka,balongka,162.0,4.666666666666667
Kokkonagara,kokkonagara,160.0,2.0
Tharrha,tharrha,162.0,1.3333333333333333
Palanda,palanda,161.0,1.3333333333333333
Bazakata,bazakata,149.5,9.5
It lies in,itliesin,167.0,8.5
Bramma,bramma,177.0,12.5
Ambastes,ambastes,176.0,10.0
Rhabana,rhabana,177.0,8.5
Mouth of the river Sainos,mouthoftheriversainos,176.33333333333334,6.5
The head of Wild Beast Gulf,theheadofwildbeastgulf,176.0,2.0
Sources of the river,sourcesoftheriver,180.66666666666666,2.0
Sinai,sinai,177.0,8.5
Sarata,sarata,180.5,4.0
Sinai orThinai,sinaiorthinai,180.66666666666666,3.0
Cape Galiba,capegaliba,124.0,11.5
Margana,margana,123.5,10.333333333333334
Anarismoundon,anarismoundon,122.0,7.75
Sindokanda,sindokanda,122.0,5.0
Haven of Priapis,havenofpriapis,122.0,3.6666666666666665
Anoubingara,anoubingara,121.0,2.6666666666666665
Headland of Zeus,headlandofzeus,120.5,1.0
Prasodes Bay,prasodesbay,121.0,2.0
Odoka,odoka,123.0,2.0
Moon,moon,126.0,2.0
Cape of Dionysos,capeofdionysos,130.0,1.5
Mardoulamue,mardoulamue,131.0,2.0
Abaratha,abaratha,131.0,3.0
Prokouri,prokouri,131.0,6.333333333333333
The haven of Rizala,thehavenofrizala,130.33333333333334,6.5
Spatana Haven,spatanahaven,129.0,8.0
PatiBay,patibay,128.5,9.5
AlaTaa,alataa,131.0,4.0
Goumara,goumara,133.0,1.6666666666666665
Mouth of the Maxei-a,mouthofthemaxeia,97.0,20.0
Mouth of the Sokanda,mouthofthesokanda,97.0,20.0
BarangS,barangs,99.0,42.0
Kasapd,kasapd,99.5,40.0
Abarbina,abarbina,97.0,40.0
Sinaka,sinaka,100.0,39.666666666666664
Amaroasa,amaroasa,96.0,39.0
Hyrkania,hyrkania,98.83333333333333,40.0
Asmouma,asmouma,97.5,39.5
Talka,talka,95.0,42.0
Ai-iaka,aiiaka,103.0,43.0
Aratha,aratha,103.5,42.5
Argadina,argadina,101.33333333333333,41.666666666666664
Antiokheia MargianS,antiokheiamargians,100.0,40.333333333333336
Gouriane,gouriane,104.0,40.0
Nisaia or Nigaia,nisaiaornigaia,105.0,39.166666666666664
Kharispa,kharispa,115.0,44.0
Khoana,khoana,117.0,42.0
Sourogana,sourogana,117.5,40.0
Phratou,phratou,119.0,39.333333333333336
Alikhorda,alikhorda,107.0,43.0
Khomara,khomara,106.5,43.5
Konriandra,konriandra,109.5,42.166666666666664
Kauaris,kauaris,111.0,20.0
Astakana,astakana,112.0,42.333333333333336
Menapia,menapia,113.0,41.333333333333336
Enkratidia,enkratidia,115.0,42.0
Estobara,estobara,109.5,45.333333333333336
Marakodra,marakodra,115.0,20.0
Kyreskhata,kyreskhata,124.0,43.666666666666664
Oxeiana,oxeiana,117.5,44.333333333333336
Marouka,marouka,117.25,43.666666666666664
Kholbesina,kholbesina,121.0,43.0
Sogdianoi lies in,sogdianoiliesin,125.0,43.0
KomMai lie in,kommailiein,130.0,39.0
Skythia,skythia,85.0,54.0
Rha which lies in,rhawhichliesin,87.5,48.0
Mouth of the river Daix,mouthoftheriverdaix,94.0,48.0
Mouth of the river laxartes,mouthoftheriverlaxartes,97.0,48.0
Mouth of the river lastos,mouthoftheriverlastos,100.0,47.333333333333336
Aspabota,aspabota,102.0,44.0
Aspiaia whose extremities lie,aspiaiawhoseextremitieslie,111.0,55.5
Dauaba,dauaba,104.0,46.0
Kasia,kasia,152.0,41.0
Auxakia,auxakia,143.0,49.666666666666664
Khaurana,khaurana,150.0,37.25
Soita,soita,145.0,35.333333333333336
Anniba,anniba,153.0,60.0
Emoda inl,emodainl,68.0,39.0
Damna,damna,156.0,51.333333333333336
Asmiraia,asmiraia,170.0,48.0
Issedon Serike,issedonserike,162.0,45.0
Paliana,paliana,162.5,41.0
Abragana,abragana,163.5,39.5
Thogara,thogara,171.33333333333334,39.666666666666664
Daxata,daxata,174.0,39.5
Solana,solana,169.0,37.5
Sera metropolis,serametropolis,177.0,38.583333333333336
Paropanisos,paropanisos,111.0,38.25
Dista,dista,102.5,38.25
Taua,taua,109.0,38.0
Angara,angara,102.0,38.0
Bitaxa,bitaxa,103.66666666666667,38.0
Sarmagana,sarmagana,105.33333333333333,38.166666666666664
Siphare,siphare,107.25,38.25
Rhaugara,rhaugara,109.5,38.166666666666664
Ambrodax,ambrodax,103.5,37.5
Bogadia,bogadia,104.25,37.666666666666664
Godana,godana,110.5,37.5
Phoraua,phoraua,110.0,37.0
Khaurina,khaurina,104.0,36.333333333333336
Taukiana,taukiana,106.16666666666667,36.0
Astanda,astanda,107.66666666666667,36.0
Artikandna,artikandna,109.33333333333333,36.166666666666664
Babarsana or Kabarsana,babarsanaorkabarsana,103.33333333333333,35.0
Kapoutana,kapoutana,104.5,35.5
Areia,areia,105.0,35.0
Kaske,kaske,107.33333333333333,35.333333333333336
Ortikand,ortikand,109.33333333333333,35.5
Parakanake,parakanake,105.5,34.333333333333336
Sariga,sariga,106.66666666666667,34.666666666666664
Darkama,darkama,111.0,34.333333333333336
Kotake,kotake,107.5,33.666666666666664
Tribazina,tribazina,106.0,33.0
Astasana,astasana,105.0,33.0
Zimyra rl,zimyrarl,2.5,33.25
Parsiana,parsiana,118.5,38.75
Barzaura,barzaura,114.0,37.5
Baborana,baborana,118.0,37.166666666666664
Katisa,katisa,118.66666666666667,37.5
Niphanda,niphanda,119.0,37.0
Gazaka or Gaudzaka,gazakaorgaudzaka,118.5,36.25
Naulibis,naulibis,117.0,35.5
Parsia,parsia,113.5,35.0
Lokhama,lokhama,118.0,34.0
Daroakana,daroakana,118.5,34.333333333333336
Karoura,karoura,18.0,35.0
Tarbakana,tarbakana,114.33333333333333,33.0
Bagarda,bagarda,116.66666666666667,33.666666666666664
Argouda,argouda,118.75,33.5
Prophthasia,prophthasia,110.0,32.333333333333336
Rhouda,rhouda,106.5,31.5
Inna,inna,109.0,31.5
Arikada,arikada,110.33333333333333,31.333333333333332
Nostana,nostana,108.0,29.666666666666668
Pharazana,pharazana,110.0,30.0
Bigis,bigis,111.0,29.666666666666668
Ariaspe,ariaspe,108.66666666666667,28.666666666666668
Arana,arana,111.0,28.25
Phoklis,phoklis,118.25,32.166666666666664
Arikaka,arikaka,113.0,31.333333333333332
Alexandreia,alexandreia,114.0,31.333333333333332
Rhizana,rhizana,115.0,31.5
Arbaka,arbaka,118.0,31.333333333333332
Sigara,sigara,113.25,30.0
Khoaspa,khoaspa,115.25,30.166666666666668
Arakhdtos,arakhdtos,118.0,30.0
Asiake,asiake,112.33333333333333,29.333333333333332
GammaW,gammaw,116.33333333333333,29.333333333333332
Dammana,dammana,113.0,28.333333333333332
River Arabis,riverarabis,105.0,20.25
Rhagiraua,rhagiraua,100.0,20.0
Koiamba,koiamba,108.0,20.0
Kouni,kouni,110.0,27.0
Badara,badara,113.0,27.0
Mousarna,mousarna,115.0,27.5
Soxestra or Sokstra,soxestraorsokstra,118.5,25.75
Oskana,oskana,115.0,26.0
Parsis,parsis,106.5,23.5
Omiza,omiza,110.0,23.5
Arbis,arbis,105.0,22.5
Asthaia,asthaia,105.0,18.0
