site_key,site_display,port_candidate_for,inventory,metal,diameter_mm,ruler,date_from,date_to,find_context,description,page,source
aynuna,Aynuna / Khuraybah,Leuke Kome,Ay16-07/003/C002,Bronze,16,Anonymous,-200,0,,"Bronze. Diam. 16 mm Av. Helmeted head right, filling all field Rv. Winged Nike standing. Anonymous, 2nd-1st century BC.",,"Gawlikowski, Juchniewicz & al-Zahrani 2021, Aynuna catalogue of coins"
aynuna,Aynuna / Khuraybah,Leuke Kome,Ay16-10/003/C1,Bronze,17,Anonymous,-200,0,In the fill of loc.,"Bronze. Diam. 17 mm. Both sides much worn. Av. Helmeted head right, filling all field. Much worn. Rv. Winged Nike standing, as no 2 above. Anonymous, 2nd-1st century BC In the fill of loc. 10. 2 3 305 Michał Gawlikowski",306,"Gawlikowski, Juchniewicz & al-Zahrani 2021, Aynuna catalogue of coins"
aynuna,Aynuna / Khuraybah,Leuke Kome,Ay17/18/04/001,Bronze,14,Anonymous,-200,0,"Found in loc 18 in the fill over the floor, sticking to no 5.","Bronze. Diam. 14 mm. Av. Helmeted head right, filling all field. Rv. Winged Nike standing Anonymous, 2nd-1st c. BC Found in loc 18 in the fill over the floor, sticking to no 5. Same number, found sticking to the former. Av. and Rv. identical. Broken in two and mended. 4 5 306 Catalogue of coins",307,"Gawlikowski, Juchniewicz & al-Zahrani 2021, Aynuna catalogue of coins"
aynuna,Aynuna / Khuraybah,Leuke Kome,AY17/106A/010/0001,Bronze,14,Anonymous,-100,0,Found 28 Nov.,"Bronze, diam. 14 mm. Av. Head right, obliterated. Rv. Winged Nike holding wreath (obliterated) in r. hand. Anonymous, 1st century BC. Found 28 Nov. in Upper Aynuna",,"Gawlikowski, Juchniewicz & al-Zahrani 2021, Aynuna catalogue of coins"
aynuna,Aynuna / Khuraybah,Leuke Kome,Ay15-03/004/C3,Bronze,15,Anonymous,-200,0,Found in the rubble of the front wall of the northern row of rooms in Khan 1.,"Bronze. Diam 15 mm. Av. Helmeted head r., obliterated Rv. Standing winged Nike holding wreath in r. hand . Anonymous, 2nd-1st c. BC Found in the rubble of the front wall of the northern row of rooms in Khan 1. 6 7 307 Michał Gawlikowski",308,"Gawlikowski, Juchniewicz & al-Zahrani 2021, Aynuna catalogue of coins"
aynuna,Aynuna / Khuraybah,Leuke Kome,Ay15/03/004/C4,Bronze,15,Anonymous,-200,0,"On the old foundation in front of entrance to Room 2, Khan 1.","Bronze. Diam. 15 mm. Av. Helmeted head r., long hair (?) Rv. Standing Nike holding wreath in r. hand. Anonymous, 2nd-1st c. BC On the old foundation in front of entrance to Room 2, Khan 1.",,"Gawlikowski, Juchniewicz & al-Zahrani 2021, Aynuna catalogue of coins"
aynuna,Aynuna / Khuraybah,Leuke Kome,AY18/11H/066/78,Bronze,,Obodas III,-30,-9,"Found in Khan 2, loc.","Bronze, 16 mm. Av. Jugate busts, obliterated Rv. Eagle standing Obodas III (30-9 BC) Found in Khan 2, loc. 11H. 8 9 308 Catalogue of coins",309,"Gawlikowski, Juchniewicz & al-Zahrani 2021, Aynuna catalogue of coins"
aynuna,Aynuna / Khuraybah,Leuke Kome,AY18/11L/091/108,Bronze,,,,,Found in loc.,"Bronze, 16mm. Heavily corroded. Av. Jugate busts, indistinct. Rv. illegible Found in loc. 11L",,"Gawlikowski, Juchniewicz & al-Zahrani 2021, Aynuna catalogue of coins"
aynuna,Aynuna / Khuraybah,Leuke Kome,AY17/11F/047/34,Bronze,15,Aretas IV,-9,40,Found in loc.,"Bronze, diam. 15 mm. Both sides badly worn. Av. Jugate busts of Aretas IV and Huldu Rv. Diademed bust of Aretas r., around traces of inscription: [ḥrtt mlk nb]ṭ[w // šnt ḥ]dh (year 1 = 9 BC). Found in loc. 11F 10 11 309 Michał Gawlikowski",310,"Gawlikowski, Juchniewicz & al-Zahrani 2021, Aynuna catalogue of coins"
aynuna,Aynuna / Khuraybah,Leuke Kome,Ay15-03/001/C2,Bronze,15,Aretas IV,-9,40,From the rubble of wall between R3 and R4.,"Bronze. Diam 15 mm Av. Aretas IV standing frontally, right hand raised holding a spear. Knee-length armour, sword at left side. Palm in field on the left, his monogram to l. indistinct. Rv. Shuqaylat standing, preserved from knees up. Right hand raised, holding an object. To the left indistinct wrea",311,"Gawlikowski, Juchniewicz & al-Zahrani 2021, Aynuna catalogue of coins"
aynuna,Aynuna / Khuraybah,Leuke Kome,AY18/11L/031/110,Bronze,,Aretas IV,-9,40,,"Bronze, 20 mm. Av. Two (?) heads right Rv. Two crossed cornucopiae (?) Aretas IV (?) 14 311 Michał Gawlikowski Roman and Late Roman",312,"Gawlikowski, Juchniewicz & al-Zahrani 2021, Aynuna catalogue of coins"
aynuna,Aynuna / Khuraybah,Leuke Kome,AY17/11F/70,Bronze,20,,,,Found in sounding in SW corner of loc.,"Bronze of Abila, diam. 20 mm. Av. head of Elagabalus (218-222) right, nearly obliterated. Rv. Hexastyle temple flanked by towers. Beneath: [SE(leukew=n)]ABI[LHNWN]. Spijkerman 1978, 54-55, nos. 23-24, pl. 8. Found in sounding in SW corner of loc. 11F, probably fallen from the section.",,"Gawlikowski, Juchniewicz & al-Zahrani 2021, Aynuna catalogue of coins"
aynuna,Aynuna / Khuraybah,Leuke Kome,Ay17/15/17/009,Bronze,19,,,,Found in loc.,"Bronze Æ 3. Diam. 19 mm Av. Bust left. IMP LICINIVS AUG Rv. Jupiter stg left, holding Victory on globe in his r. hand, long sceptre in l. IOVI CONSERVATORI AVGG Captive in left field. In exergue SMANT, in r. field S. Antioch, 317-320. RIC VII Antioch 27, Sear 3817. Found in loc. 15 of Khan 3. 15 16 ",313,"Gawlikowski, Juchniewicz & al-Zahrani 2021, Aynuna catalogue of coins"
aynuna,Aynuna / Khuraybah,Leuke Kome,AY18/11L/091/93,Bronze,,,,,Found in sieving of fill from loc.,"Bronze follis, 17 mm. Av. Diademed head right. CONSTAN TINVS AVG Rv. Camp gate, star above. PROVIDEN TIAE AVGG. Exergue: SMANT[.] Sear 3878, RIC VII 153. Antioch, 325-326 Found in sieving of fill from loc. 11 L.",,"Gawlikowski, Juchniewicz & al-Zahrani 2021, Aynuna catalogue of coins"
aynuna,Aynuna / Khuraybah,Leuke Kome,Ay16-07/002/C001,Bronze,15,,,,In the fill of loc.,"Bronze Æ 3. Diam. 15 mm Av. Constantinopolis, bust helmeted, cuirassed, holding spear, left. Rv. Soldier advancing left, carrying standard, holding a crouching prisoner by hair. Exergue illegible. In the fill of loc. 7 by the gate of Khan 1, SE corner. 17 18 313 Michał Gawlikowski",314,"Gawlikowski, Juchniewicz & al-Zahrani 2021, Aynuna catalogue of coins"
aynuna,Aynuna / Khuraybah,Leuke Kome,Ay15-03/001/C1,Bronze,21,,,,From the rubble of the wall in front of Rooms 3 and 4.,"Bronze Æ 4. Diam. 21 mm Av. Laureate, draped, cuirassed bust left. CONSTANTINVS IVN NOB CAE[S] Rv. Camp gate in six courses of masonry, with door, two turrets, above star. PROV- IDEN/TIAE CAES. In exergue SMANT S. Constantine II, Caesar 317-337. Krzyżanowska 2014, no. I.294 (325-326 AD). From the ru",,"Gawlikowski, Juchniewicz & al-Zahrani 2021, Aynuna catalogue of coins"
aynuna,Aynuna / Khuraybah,Leuke Kome,Ay15-03/003/C1,Bronze,16,,,,,"Bronze Æ 3/4. Diam 16 mm Av. Bust laureate right. CONSTANTINVS IVN NOB C[AES] Rv. Two soldiers standing, with spears, between them standard. GLORIA EXER- CITVS. Exergue illegible …NHB ? Sear 3951, Krzyżanowska 2014, no. I.296 (335-337 AD) In the fabric of the western wall of Room 1. 20 19 314 Catalo",315,"Gawlikowski, Juchniewicz & al-Zahrani 2021, Aynuna catalogue of coins"
aynuna,Aynuna / Khuraybah,Leuke Kome,AY17/11/71,Bronze,15,,,,Found on the pavement of loc.,"Bronze Æ 4, diam. 15 mm. Av. Laureate bust right, DN FL CONSTANTIVS Rv. Two soldiers with spears either way of standard. [Gloria] EXERCITVS Exergue: SM HE (Heraclea) Sear 3998. This type minted 337-348 Found on the pavement of loc. 11B excavated in 2016, suspected intrusion.",,"Gawlikowski, Juchniewicz & al-Zahrani 2021, Aynuna catalogue of coins"
aynuna,Aynuna / Khuraybah,Leuke Kome,AY18/24B/004/1,Bronze,,Tiberius,14,37,,"Bronze follis, 34 mm. Av. Crowned bust facing, holding mappa and eagle-tipped sceptre. DM [TIb CON- STANT] PP AVG Rv. Lowercase M , above cross. ANNO G (Year 5). Exergue: NIKO Tiberius II Constantine (578-582). Year 5 corresponds to AD 578/9, as the count began with Tiberius’ regency under Justin II",316,"Gawlikowski, Juchniewicz & al-Zahrani 2021, Aynuna catalogue of coins"
aynuna,Aynuna / Khuraybah,Leuke Kome,Ay17/22/001/002,Bronze,42,,,,"Found in the gate between khans 2 and 3, upper layers.","Bronze, very thin. Diam. 42 mm Arabo-Sasanian imitation of Khusro II. Av. Bust of Khusro II (590-628) in winged crown, inscribed AWSRWY. On the large margin in Arabic: bismillah between 3h and 6h, al-malik between 6h and 9h. Rv. Two soldiers guarding a fire altar. To the right, the mint mark BYŠ (Bi",317,"Gawlikowski, Juchniewicz & al-Zahrani 2021, Aynuna catalogue of coins"
aynuna,Aynuna / Khuraybah,Leuke Kome,Ay16-Kh1/001/C1,Bronze,19,,,,,"Bronze, remains of silver coating. Diam. 19 mm Av. [Al-Sāliḥi] /al-sulṭān al-malik / al-Zāhir ruqn ed-dunya wal-Din/ Baybars qism amir mu’aminin Below, a feline passant to left (rather a panther than a lion as often described, cf. Turkish bars, “panther”). No margins. Rv. [al-imam] al-hakim [bi-amar",318,"Gawlikowski, Juchniewicz & al-Zahrani 2021, Aynuna catalogue of coins"
aynuna,Aynuna / Khuraybah,Leuke Kome,Ay16-Kh1/001/C3,Bronze,30,,,,,"Bronze. Diam. 30 mm Av. Tughra of Sultan Selim II, obliterated. Rv. ‘an nusra / Duriba fi Masr 1220 (1806/7 M). Above a symbol of four-dented fork (?). Egypt, Muhammad Ali. The expedition to Hijaz took place in 1811-12. In the courtyard, on cleared surface.",,"Gawlikowski, Juchniewicz & al-Zahrani 2021, Aynuna catalogue of coins"
aynuna,Aynuna / Khuraybah,Leuke Kome,Ay16-Kh01/001/C2,Silver,15,,,,,"Silver. Diam. 15 mm Av. Tughra of Abdul Majid, year 1. Rv. Kustantiniya (Istanbul), 1255 H (1840 M) In the courtyard, on cleared surface. 25 26 318 Catalogue of coins Illegible",319,"Gawlikowski, Juchniewicz & al-Zahrani 2021, Aynuna catalogue of coins"
aynuna,Aynuna / Khuraybah,Leuke Kome,Ay16/13/003/0001,Bronze,9,,,,,Bronze. Diam. 9 mm Illegible. Unidentified.,,"Gawlikowski, Juchniewicz & al-Zahrani 2021, Aynuna catalogue of coins"
aynuna,Aynuna / Khuraybah,Leuke Kome,AY18/23C/008/C002,Bronze,,Aretas IV,-9,40,,"Bronze, 25 mm Both sides completely worn. 27 28 319 Michał Gawlikowski The excavations at Aynuna in the years 2015-2018 have yielded altogether twenty- eight coins, of which two are completely obliterated. Among the remaining twenty- six more or less readable pieces, fourteen are Nabataean. Twelve o",320,"Gawlikowski, Juchniewicz & al-Zahrani 2021, Aynuna catalogue of coins"
myos_hormos,Myos Hormos (Quseir al-Qadim),anchor,ASSEMBLAGE TOTAL,mixed,,Augustus-Diocletian,-27,305,"University of Chicago excavations 1978, 1980, 1982",153 coins and one lead token; breakdown by reign printed in Table 3,17,"Smagur 2025, JRA, 'Everyday transactions in transit: contextualizing coins in the ports of Berenike and Myos Hormos'"
myos_hormos,Myos Hormos (Quseir al-Qadim),anchor,ASSEMBLAGE TOTAL,mixed,,,,,Southampton excavations 1999-2003,only 14 coins were considered identifiable enough to publish,11,"Smagur 2025, JRA, 'Everyday transactions in transit: contextualizing coins in the ports of Berenike and Myos Hormos'"
berenike,Berenike,anchor,ASSEMBLAGE TOTAL,mixed,,,,,published finds to date,"115 coins, 6% of all published finds; actual number likely higher given poor preservation",25,"Smagur 2025, JRA, 'Everyday transactions in transit: contextualizing coins in the ports of Berenike and Myos Hormos'"
berenike,Berenike,anchor,PTOLEMAIC SUBSET,mixed,,,-300,-30,Ptolemaic Berenike,only 16 Ptolemaic coins published to date; coins from the Ptolemaic fort excavations are unpublished,25,"Smagur 2025, JRA, 'Everyday transactions in transit: contextualizing coins in the ports of Berenike and Myos Hormos'"
sumhuram,Sumhuram (Khor Rori),anchor,ASSEMBLAGE TOTAL,Bronze,,,,,IMTO excavations,about 600 coins; with c.1300 coin blanks from the first campaigns this supports a mint on site. The blanks have never been described or analysed.,37,"Avanzini 2011, Sumhuram report"
