site_id,toponym,chapter,tier,route_role,km_to_coast,lit_status,lit_basis,in_brief_disputed,lat,lon,disagree_km,derived_n_sources,derived_coord_dp,derived_placeholder_coord,derived_placeholder_any,derived_has_pleiades,derived_has_real_coord,derived_no_coords,precision_flag,in_copeland,place_type,pleiades
5,Adouli,4,A — excavated / secure,port of call,8.466825397281108,first pass — verify,"Adulis, Eritrea -- excavated",False,15.263061,39.660552,0.2,2,6,False,False,True,True,False,Precise,True,Legally limited port of trade,https://pleiades.stoa.org/places/39271
87,Arsinoe,,A — excavated / secure,port of call,1.7181186682013518,first pass — verify,Suez -- secure (Copeland only),False,29.966667,32.55,,1,2,False,False,False,True,False,,True,,
7,Axōmite metropolis,4,A — excavated / secure,inland supply centre,159.4246993813982,first pass — verify,Aksum -- excavated,False,14.125005,38.721522,,1,6,False,False,True,True,False,Precise,False,Inland market,https://pleiades.stoa.org/places/39303
48,Barygaza,40-47,A — excavated / secure,port of call,1.6492087225310463,first pass — verify,Bharuch -- name continuity,False,21.712,72.993,1.6,2,3,False,False,True,True,False,Precise,True,Port of trade,https://pleiades.stoa.org/places/59737
1,Berenikē,1,A — excavated / secure,port of call,6.679226239158427,first pass — verify,"Berenike, Egypt -- excavated (Sidebotham)",False,23.910556,35.476111,0.2,2,6,False,False,True,True,False,Precise,True,Designated Harbor,https://pleiades.stoa.org/places/785986
36,Dioskouridou Island,30,A — excavated / secure,port of call,16.37579986233934,first pass — verify,"Socotra -- island, unambiguous",False,12.51,53.92,0.0,2,2,False,False,True,True,False,Precise,True,Unspecified,https://pleiades.stoa.org/places/39338
89,Diospolis,,A — excavated / secure,inland supply centre,169.8169872011243,first pass — verify,Thebes / Luxor -- secure (Copeland only),False,25.720556,32.610278,,1,6,False,False,False,True,False,,True,,
30,Eudaimōn Arabia,26,A — excavated / secure,port of call,4.889278880200185,first pass — verify,Aden -- place continuity,False,12.771651,45.038928,,1,6,False,False,True,True,False,Precise,False,Harbor,https://pleiades.stoa.org/places/39269
83,Gangēs,63,A — excavated / secure,inland supply centre,63.84742638722871,first pass — verify,"Ganges mouth -- a region, not a point",False,22.697778,88.688333,0.0,2,6,False,False,False,True,False,Uncertain,True,Port of trade,
56,Kalliena,52-3,A — excavated / secure,port of call,15.027679926187453,first pass — verify,Kalyan -- named in Kanheri cave inscriptions,False,19.27,73.13,,1,2,False,False,True,True,False,Precise,False,Port of trade,https://pleiades.stoa.org/places/50023
32,Kanē,27,A — excavated / secure,port of call,7.555486822455753,first pass — verify,"Qana' / Bi'r Ali, Yemen -- excavated (Sedov)",False,14.025,48.341944,0.0,2,3,False,False,True,True,False,Uncertain,True,Port of trade,https://pleiades.stoa.org/places/39355
77,Kolkhoi,59,A — excavated / secure,port of call,14.065778957387467,first pass — verify,"Korkai, Tamil Nadu",False,8.612651,78.01884,,1,5,False,False,True,True,False,Precise,False,Unspecified,https://pleiades.stoa.org/places/50064
12,Malaō,8,A — excavated / secure,port of call,8.03898050394255,first pass — verify,Berbera -- standard identification,False,10.435556,45.016389,1.7,2,6,False,False,True,True,False,Precise,True,Port of trade,https://pleiades.stoa.org/places/39375
3,Meroē,2,A — excavated / secure,inland supply centre,450.0787572316919,first pass — verify,"Meroe, Sudan -- excavated",False,16.933333,33.726389,,1,6,False,False,True,True,False,Precise,False,Inland market,https://pleiades.stoa.org/places/805630
2,Muos Hormos,1,A — excavated / secure,port of call,17.04884658053686,first pass — verify,Quseir al-Qadim -- excavated (Peacock & Blue),False,26.156667,34.241667,0.2,2,6,False,False,True,True,False,Precise,True,Designated Harbor,https://pleiades.stoa.org/places/786069
72,Muziris,54,A — excavated / secure,port of call,1.9574254473367705,first pass — verify,"Pattanam / Kodungallur -- excavated, but WHICH site is contested",False,10.15654,76.208982,0.5,2,5,False,False,True,True,False,Precise,True,Port of trade,https://pleiades.stoa.org/places/50146
19,Opōnē,"13, 14",A — excavated / secure,port of call,1.5062832407029692,first pass — verify,"Ras Hafun, Somalia -- excavated; identified 1970s survey",False,10.416667,51.266667,2.2,2,6,False,False,True,True,False,Precise,True,Port of trade,https://pleiades.stoa.org/places/39403
52,Ozēnē,48,A — excavated / secure,inland supply centre,315.7890317400282,first pass — verify,Ujjain -- excavated; name continuity,False,23.17,75.79,,1,2,False,False,True,True,False,Precise,False,Inland market,https://pleiades.stoa.org/places/59972
44,Pasinou Kharax,35,A — excavated / secure,inland supply centre,96.93302766590166,first pass — verify,Charax Spasinou -- excavated,False,30.8093425,47.562804,,1,6,False,False,True,True,False,Precise,False,Unspecified,https://pleiades.stoa.org/places/912872
79,Podoukē,60,A — excavated / secure,port of call,10.576861925273478,first pass — verify,"Arikamedu -- excavated (Wheeler, Begley)",False,11.900833,79.820278,8.9,2,6,False,False,True,True,False,Precise,True,Port of trade,https://pleiades.stoa.org/places/50221
57,Souppara,52,A — excavated / secure,port of call,4.846327912817306,first pass — verify,Sopara -- Buddhist remains (1882),False,19.434113,72.804527,,1,6,False,False,True,True,False,Precise,False,Port of trade,https://pleiades.stoa.org/places/50282
67,Sēmulla,53,A — excavated / secure,port of call,6.8494745042964436,first pass — verify,"Chaul -- excavated 2004, Roman pottery; Kanheri inscr. Chemulaka",False,18.5212,72.9472,,1,4,False,False,True,True,False,Precise,False,Port of trade,https://pleiades.stoa.org/places/50261
27,Zafar,23,A — excavated / secure,inland supply centre,131.80714327899332,first pass — verify,"Zafar, Yemen -- excavated",False,14.211704,44.400794,,1,6,False,False,True,True,False,Precise,False,Inland market,https://pleiades.stoa.org/places/39423
37,Moscha Limen,32,"B — identified, coordinate unsettled",port of call,6.147571114581927,first pass — verify,"Sumhuram / Khor Rori, Oman -- excavated (Avanzini)",False,17.039,54.434444,36.7,2,3,False,False,True,True,False,Unlocated,True,Designated Harbor,https://pleiades.stoa.org/places/40228
20,Menounthias,15,B — two sources agree,port of call,11.240399787116672,review,,False,-6.133333,39.333333,1.8,2,6,False,False,True,True,False,Precise,True,Unspecified,https://pleiades.stoa.org/places/40222
65,Nelkunda,"53, 55",B — two sources agree,port of call,17.62270067954472,review,,True,9.324722,76.536944,6.3,2,6,False,False,True,True,False,Precise,True,Port of trade,https://pleiades.stoa.org/places/50165
29,Okēlis,25,B — two sources agree,port of call,3.0282814588702545,review,,False,12.766503,43.65096,0.0,2,5,False,False,True,True,False,Precise,True,,https://pleiades.stoa.org/places/39279
54,Paithana,51,B — two sources agree,inland supply centre,252.1151910712251,review,,False,19.48,75.38,0.0,2,2,False,False,True,True,False,Precise,True,Port of trade,https://pleiades.stoa.org/places/50192
21,Puralaōn Islands,15,B — two sources agree,port of call,2.976354766951743,review,,False,-2.27,40.925,7.2,2,2,False,False,True,True,False,Precise,True,Unspecified,https://pleiades.stoa.org/places/39410
40,Sarapis Island,33,B — two sources agree,port of call,4.003959916067708,review,,False,20.471111,58.815278,0.0,2,6,False,False,True,True,False,Precise,True,Unspecified,https://pleiades.stoa.org/places/29743
18,Tabai,12,B — two sources agree,port of call,1.6416573942492052,review,,False,11.816667,51.25,7.3,2,2,False,False,False,True,False,Uncertain,True,Emergency Harbor,
55,Tagara,51,B — two sources agree,inland supply centre,323.9565741410711,review,,False,18.321299,76.132971,2.6,2,6,False,False,True,True,False,Precise,True,Port of trade,https://pleiades.stoa.org/places/50294
70,Tyndis,53-4,B — two sources agree,port of call,2.917265040649755,review,,True,10.77,75.9,3.0,2,1,False,False,True,True,False,Precise,True,Port of trade,https://pleiades.stoa.org/places/50312
6,Alalaiou Islands,4,C — single-source identification,landmark,1.1283310264166906,review,,False,15.7362779,40.0062516,,1,6,False,False,True,True,False,Precise,False,Unspecified,https://pleiades.stoa.org/places/39281
42,Apologos,35,C — single-source identification,inland supply centre,105.03845949973197,review,,False,30.894692,47.578031,48.1,2,6,False,False,True,True,False,Precise,True,Legally limited port of trade,https://pleiades.stoa.org/places/912807
17,Arōmatōn Emporion,12,C — single-source identification,port of call,24.407131836331867,review,,False,11.825923,50.948956,,1,6,False,False,True,True,False,Precise,False,Port of trade,https://pleiades.stoa.org/places/39293
49,Astakapra,"41, 43",C — single-source identification,port of call,5.960008437544871,review,,False,21.608478,72.268473,,1,6,False,False,True,True,False,Precise,False,Unspecified,https://pleiades.stoa.org/places/49880
74,Balita,58,C — single-source identification,port of call,3.947648554796724,review,,False,8.380214,76.990276,,1,6,False,False,True,True,False,Precise,False,Harbor,https://pleiades.stoa.org/places/49892
59,Byzantion,53,C — single-source identification,port of call,4.790623705190753,review,,False,16.503,73.3334,,1,3,False,False,True,True,False,Precise,False,Port of trade,https://pleiades.stoa.org/places/49929
41,Kalaiou Isles,34,C — single-source identification,landmark,15.669183999673603,review,,False,23.856,58.093,,1,3,False,False,True,True,False,Precise,False,Unspecified,https://pleiades.stoa.org/places/29620
78,Kamara,60,C — single-source identification,port of call,5.887604368061085,review,,False,11.144,79.855,13.2,2,3,False,False,True,True,False,Precise,True,Port of trade,https://pleiades.stoa.org/places/49939
50,Kammōni,41,C — single-source identification,port of call,21.125872835533286,review,,False,21.402921,72.925301,,1,6,False,False,True,True,False,Precise,False,Village,https://pleiades.stoa.org/places/50032
9,Koloē,4,C — single-source identification,inland supply centre,10.511066831557748,review,,False,15.60977,39.449974,,1,5,False,False,True,True,False,Precise,False,Inland market,https://pleiades.stoa.org/places/39363
75,Komarei,58-59,C — single-source identification,port of call,3.7267962773727237,review,,False,8.0772932,77.5513761,,1,6,False,False,True,True,False,Precise,False,Harbor,https://pleiades.stoa.org/places/50066
23,Leukē Kōmē,19,C — single-source identification,port of call,5.299149024869128,review,,True,24.088264,38.058194,,1,6,False,False,True,True,False,Uncertain,False,Harbor,https://pleiades.stoa.org/places/814698
62,Mandagora,53,C — single-source identification,port of call,5.000144869318466,review,,False,17.951342,73.03939,,1,5,False,False,True,True,False,Precise,False,Port of trade,https://pleiades.stoa.org/places/50116
47,Minnagar,38 and 41,C — single-source identification,inland supply centre,33.468076294377,review,,False,22.060829,73.075764,,1,6,False,False,True,True,False,Precise,False,Inland market,https://pleiades.stoa.org/places/59933
13,Moundou,9,C — single-source identification,port of call,6.557513871762597,review,,False,10.896389,46.921111,25.1,2,6,False,False,True,True,False,Precise,True,Port of trade,https://pleiades.stoa.org/places/39389
64,Naoura,53,C — single-source identification,port of call,7.421710352961219,review,,False,14.281472,74.449703,,1,6,False,False,True,True,False,Precise,False,Port of trade,https://pleiades.stoa.org/places/50160
10,Oreinē,4,C — single-source identification,port of call,6.219056743021071,review,,False,15.4307209,39.7582797,,1,5,False,False,True,True,False,Precise,False,Emergency Harbor,https://pleiades.stoa.org/places/39404
66,Palaipatmai,53,C — single-source identification,port of call,16.283153678600303,review,,False,17.526305,73.302413,,1,6,False,False,True,True,False,Precise,False,Port of trade,https://pleiades.stoa.org/places/50196
4,Ptolemaïs Thērōn,3,C — single-source identification,port of call,12.855259293270413,review,,False,18.155556,38.434722,26.2,2,6,False,False,True,True,False,Precise,True,Port of trade,https://pleiades.stoa.org/places/39409
80,Sōpatma,60,C — single-source identification,port of call,8.33550716977372,review,,False,12.525,80.162222,44.3,2,3,False,False,True,True,False,Precise,True,Port of trade,https://pleiades.stoa.org/places/50278
69,Toparon,53,C — single-source identification,port of call,15.89177531062488,review,,False,16.220106,73.58469,,1,5,False,False,True,True,False,Precise,False,Port of trade,https://pleiades.stoa.org/places/50308
34,Troullas,27,C — single-source identification,port of call,3.373320809252417,review,,False,13.9767218,48.4581165,,1,6,False,False,True,True,False,Precise,False,Unspecified,https://pleiades.stoa.org/places/39436
15,Akannai,11,C — weak / unverified,port of call,4.974775256736541,review,,False,11.966667,50.75,,1,2,False,False,True,True,False,Uncertain,False,,https://pleiades.stoa.org/places/40030
86,Ariaca,,C — weak / unverified,port of call,11.452077866003988,review,,False,23.058333,70.619444,,1,6,False,False,False,True,False,,True,,
38,Asikhōnos,33,C — weak / unverified,port of call,2.0882403703465098,review,,False,17.4,55.3,,1,1,False,False,True,True,False,Precise,False,Unspecified,https://pleiades.stoa.org/places/39296
88,Besatae,,C — weak / unverified,inland supply centre,457.582081060423,review,,False,27.33,88.62,,1,2,False,False,False,True,False,,True,,
16,Cape Elephas,11,C — weak / unverified,landmark,0.6018815566317034,review,,False,11.940889,50.631267,,1,6,False,False,False,True,False,Uncertain,False,Unspecified,
8,Didōros Island,4,C — weak / unverified,port of call,1.8955401164802046,review,,False,15.4629,39.8797,,1,4,False,False,False,True,False,Uncertain,False,Former Harbor,
28,Diodōros Island,25,C — weak / unverified,landmark,8.505120841438847,review,,False,12.66,43.42,,1,2,False,False,False,True,False,Uncertain,False,Unspecified,
90,Dosarene,,C — weak / unverified,port of call,13.218817281330471,review,,False,17.704167,83.297778,,1,6,False,False,False,True,False,,True,,
60,Erannoboas,53,C — weak / unverified,port of call,1.7034096970262333,review,,False,16.0667,73.466698,,1,4,False,False,False,True,False,Uncertain,False,Port of trade,
31,Isle of Birds,27,C — weak / unverified,landmark,10.510529624353229,review,,False,13.9325,48.38722,,1,4,False,False,False,True,False,Uncertain,False,Unspecified,
24,Katakekaumene Island,20,C — weak / unverified,inland supply centre,80.53532081214561,review,,False,15.55,41.83333,,1,2,False,False,True,True,False,Precise,False,Unspecified,https://pleiades.stoa.org/places/39345
63,Melizeigara,53,C — weak / unverified,port of call,10.11445856116773,review,,False,17.29,73.2377,,1,2,False,False,False,True,False,Uncertain,False,Port of trade,
25,Mouza,"21, 24",C — weak / unverified,port of call,5.8206261419850005,review,,False,13.316667,43.25,19.6,2,2,False,False,True,True,False,Precise,True,Legally limited port of trade,https://pleiades.stoa.org/places/39390
91,Nicon,,C — weak / unverified,port of call,0.8646006643368455,review,,False,1.113333,44.030278,,1,6,False,False,False,True,False,,True,,
92,Sarapion,,C — weak / unverified,inland supply centre,52.16511951767622,review,,False,2.033333,45.333333,,1,6,False,False,False,True,False,,True,,
33,Saubatha,27,C — weak / unverified,inland supply centre,177.92624452929698,review,,False,15.3689,47.0236,,1,4,False,False,False,True,False,Uncertain,False,Unspecified,
26,Sauē,22,C — weak / unverified,inland supply centre,83.14505440358148,review,,False,13.968611,43.998333,,1,6,False,False,False,True,False,Uncertain,False,Inland market,
35,Suagros,29,C — weak / unverified,port of call,2.332393919028139,review,,False,15.635278,52.223611,,1,6,False,False,False,True,False,Uncertain,False,Harbor,
71,White Island,53,C — weak / unverified,landmark,18.935188058510256,review,,False,14.0165,74.3259,,1,4,False,False,False,True,False,Uncertain,False,Unspecified,
58,Aigidiōn Island,53,D — placeholder coordinate,position unknown,,review,,False,17.5,72.5,,1,1,True,True,True,False,False,Precise,False,Unspecified,https://pleiades.stoa.org/places/49841
76,Argalou,59,D — placeholder coordinate,inland supply centre,93.96907075577867,review,,False,10.828056,78.678333,225.9,2,6,False,True,True,True,False,Precise,True,Unspecified,https://pleiades.stoa.org/places/49871
51,Baiōnēs Island,42,D — placeholder coordinate,position unknown,,review,,False,22.5,72.5,,1,1,True,True,True,False,False,Precise,False,Unspecified,https://pleiades.stoa.org/places/49889
73,Bakarē,56,D — placeholder coordinate,port of call,7.102934371646039,review,,True,9.594709,76.485573,111.7,2,6,False,True,True,True,False,Precise,True,Village,https://pleiades.stoa.org/places/49890
39,Isles of Zēnobios,33,D — placeholder coordinate,position unknown,,review,,False,17.5,56.0,,1,0,True,True,True,False,False,Precise,False,Unspecified,https://pleiades.stoa.org/places/39441
61,Kaineitōn Island,53,D — placeholder coordinate,position unknown,,review,,False,12.5,72.5,,1,1,True,True,True,False,False,Precise,False,Unspecified,https://pleiades.stoa.org/places/50015
81,Masalia,62,D — placeholder coordinate,port of call,9.94238721938383,review,,False,11.911082,79.812533,669.3,2,6,False,True,True,True,False,Precise,True,Unspecified,https://pleiades.stoa.org/places/50123
68,Sēsekreienai Island,53,D — placeholder coordinate,position unknown,,review,,False,17.5,72.5,,1,1,True,True,True,False,False,Precise,False,Port of trade,https://pleiades.stoa.org/places/50264
11,Aualitēs,7,D — sources conflict >50 km,port of call,3.6605100752414366,first pass — verify,Zeila -- standard identification (sources differ on coordinate),False,11.353889,43.473889,201.7,2,6,False,False,True,True,False,Precise,True,Port of trade,https://pleiades.stoa.org/places/39304
46,Barbarikon,38-39,D — sources conflict >50 km,port of call,11.84658065020179,review,,True,24.86,67.01,203.0,2,2,False,False,True,True,False,Precise,True,Port of trade,https://pleiades.stoa.org/places/59734
45,Hōraia,37,D — sources conflict >50 km,port of call,4.054422278706142,review,,False,25.214433,64.633297,189.4,2,6,False,False,True,True,False,Precise,True,Port of trade,https://pleiades.stoa.org/places/59881
14,Mosullon,10,D — sources conflict >50 km,port of call,12.31659141675827,review,,False,11.17,49.11,56.5,2,2,False,False,True,True,False,Precise,True,Port of trade,https://pleiades.stoa.org/places/39387
43,Ommana,35,D — sources conflict >50 km,port of call,4.560782747763623,review,,False,24.342,56.729889,172.1,2,3,False,False,True,True,False,Precise,True,Port of trade,https://pleiades.stoa.org/places/932474
82,Palaisimoundou,62,D — sources conflict >50 km,port of call,10.49571216368284,review,,False,8.989444,79.998056,231.2,2,6,False,False,True,True,False,Precise,True,Unspecified,https://pleiades.stoa.org/places/50298
22,Rhapta,16,D — sources conflict >50 km,port of call,7.206197845587261,review,,True,-7.85,39.783333,136.3,2,2,False,False,True,True,False,Precise,True,Port of trade,https://pleiades.stoa.org/places/39414
53,Akabaru,51,E — unlocated,position unknown,,review,,False,,,,0,-1,False,False,False,False,True,Unlocated,False,Port of trade,
84,Khrusē Island,63,E — unlocated,position unknown,,review,,False,,,,0,-1,False,False,False,False,True,Unlocated,False,Unspecified,
85,Thina,64,E — unlocated,position unknown,,review,,False,,,,0,-1,False,False,False,False,True,Unlocated,False,Inland market,
