site_key,site_display,role,region,count,count_unit,count_qualifier,negated,quote,source,page,verified
sumhuram,Sumhuram (Khor Rori),anchor,South Arabia,,,,Y,"Raschke 666) that the coin finds from southern India consist overwhelmingly of issues from Tiberius's reign and the last years of Augustus's, all in fine condition; the best explanation, argues Crawford, is that they came there through the mediation of people who had direct access to the mint at Rome, and that points to members of the imperial family. 51 This is the natural inference from the author's statement (29:9.28-29) that the labor was supplied by royal slaves and convicts and from the fact that at Moscha Li",Casson-1989-Periplus-Maris-Erythraei-text-translation-commentary,52,
barygaza,Barygaza (Bharuch),anchor,Gujarat,,,,,"Because of this, there are to be found on the market in Barygaza even today old drachmas engraved with the inscriptions, in Greek letters, of Apollodotus and Menander, rulers who came after Alexander. 48.",Casson-1989-Periplus-Maris-Erythraei-text-translation-commentary,100,
barygaza,Barygaza (Bharuch),anchor,Gujarat,,,,,"What is particularly significant is the discovery of a large hoard at Gogha, just across the Gulf of Cambay from Barygaza (cf. under 41:14.12-13), which includes coins of Apollodotus together with coins of Nahapana (cf. under 41:14.2); the hoard, in other words, supplies concrete evidence of the au205",Casson-1989-Periplus-Maris-Erythraei-text-translation-commentary,224,
ter,Ter,comparandum,Deccan interior,,,,,"Despande, ""Sátaváhana Coins from Ter,"" The Indian Numismatic Chronicle 3 (1964): 161-66;",Casson-1989-Periplus-Maris-Erythraei-text-translation-commentary,232,
berenike,Berenike,anchor,Egyptian Red Sea,,,,Y,"Schmid [op. cit. under 34:11.23-24] 790), and the ""end of the return"" would be Berenice. 1 3 3 . 1 8 (2d century A.D.), means ""there is no market for wheat (wheat won't go) except at seven drachmas""; cf.",Casson-1989-Periplus-Maris-Erythraei-text-translation-commentary,264,
berenike,Berenike,anchor,Egyptian Red Sea,,,,,"The hire of a camel in the second century A.D. was at most four drachmas a day,21 and the journey from Berenice, the Red Sea port furthest from Koptos, took at most twelve days (Pliny, N.H. 6.103).",Casson-1990-ZPE-New-Light-on-Maritime-Loans-Muziris-Papyrus,11,
pattanam,Pattanam,anchor,Kerala,,,,,"Interestingly, in all the five seasons, Roman coins were marking their presence at Pattanam with striking absence.",Cherian-2011-Pattanam-5th-Season-Field-Report,5,
berenike,Berenike,anchor,Egyptian Red Sea,,,,,One conspicuous absence at Berenike is that of South Indian coins.,Cherian-2011-Pattanam-5th-Season-Field-Report,16,
kaveripattinam,Kaveripattinam,comparandum,Coromandel,,,,,"It becomes more mysterious when most of the contemporary port sites such as Korkai, Alagankulam, Poompuhar (Kaveripattinam) and Vasavasamudram could be successfully investigated on the Coromandal coast (southeast coast of India) following Arikamedu (Veeram Pattanam) excavations.7 The southwest coast of India remained an archaeological vacuum (except a few coin hoards) as far as its legacy of international maritime exchanges was concerned.",Cherian-Pattanam-Evidence-of-Maritime-Exchanges,2,
pattanam,Pattanam,anchor,Kerala,3,coins,exact,Y,"Pattanam Excavations From 2007-2011 -  Antiquities Sl no Name of object 2007 2008 2009 2010 2011 Total 1 Gold 1 2 4 38 22 67 2 Copper objects 6 27 18 68 42 161 3 Coins 13 12 18 31 24 98 4 Lead objects 4 19 23 63 100 209 5 Iron objects 529 758 906 3033 2358 7584 6 Glass beads 1122 1915 6373 22214 7094 38718 7 stone beads 50 7 108 234 148 547 8 Spindle whorl 4 6 5 15 9 39 9 Cameo blank 2 6 3 8 29 48 10 Glass fragments 35 53 138 334 778 1338 11 Lamps 0 4 4 8 22 38 12 Ring stones 0 0 0 15 9 15 TOTAL  ANTIQUITIES 48,862",Cherian-Pattanam-Evidence-of-Maritime-Exchanges,3,
pattanam,Pattanam,anchor,Kerala,9,blank,exact,Y,"Pattanam Excavations From 2007-2011 -  Antiquities Sl no Name of object 2007 2008 2009 2010 2011 Total 1 Gold 1 2 4 38 22 67 2 Copper objects 6 27 18 68 42 161 3 Coins 13 12 18 31 24 98 4 Lead objects 4 19 23 63 100 209 5 Iron objects 529 758 906 3033 2358 7584 6 Glass beads 1122 1915 6373 22214 7094 38718 7 stone beads 50 7 108 234 148 547 8 Spindle whorl 4 6 5 15 9 39 9 Cameo blank 2 6 3 8 29 48 10 Glass fragments 35 53 138 334 778 1338 11 Lamps 0 4 4 8 22 38 12 Ring stones 0 0 0 15 9 15 TOTAL  ANTIQUITIES 48,862",Cherian-Pattanam-Evidence-of-Maritime-Exchanges,3,
mleiha,Mleiha,comparandum,Gulf,,,,,"For Rhodian amphorae and a Seleucid coin at Mleiha (Qatar) see Salles (1995): 125, 134;",Cobb-2018-Rome-and-the-Indian-Ocean-Trade-introduction,13,
barygaza,Barygaza (Bharuch),anchor,Gujarat,,,,Y,"The imported items were coins, topaz, thin clothing (less quantity), figured linen, antimony, coral, crude glass, copper, tin, lead, wine38 (not as much as at Barygaza), realgar and orpiment.",Dayalan-2018-Ancient-Seaports-Western-Coast-India,18,
banbhore,Banbhore / Bhambore,candidate,Indus delta,,,,Y,"The layers below yielded a large collection of vessels (and some coins as well) attributed by Khan to the ‘Scytho-Parthian’ period.6 But the virgin soil was not reached due to heavy water infiltration, and information on the early stages of life at Banbhore remained incomplete.",Felici-et-al-Banbhore-Pakistani-Italian-Excavations,2,
banbhore,Banbhore / Bhambore,candidate,Indus delta,,,,,"Nasir, ‘Coins of the Early Muslim Period from Banbhore’, Pakistan Archaeology, 6 (1969), pp. 117-181. 6.",Felici-et-al-Banbhore-Pakistani-Italian-Excavations,13,
aynuna,Aynuna / Khuraybah,candidate,NW Arabia,323,finds,exact,,Ciesielska Bioarchaeological analysis of human remains from Lower Aynuna 287 Karol Juchniewicz Area 3 – preliminary remarks 295 Michał Gawlikowski Catalogue of coins 303 M.ichał Gawlikowski The inscriptions 323 Krystyna Gawlikowska Glass finds 329 Krystyna Gawlikowska The shells 351 Marek Truszkowski Appendix: Shell artefacts 429 Conclusion 449,Gawlikowski-Juchniewicz-al-Zahrani-2021-Aynuna-Nabataean-Port-Red-Sea,7,
aynuna,Aynuna / Khuraybah,candidate,NW Arabia,,,,,"319 Michał Gawlikowski The excavations at Aynuna in the years 2015-2018 have yielded altogether twentyeight  coins, of which two are completely obliterated.",Gawlikowski-Juchniewicz-al-Zahrani-2021-Aynuna-Nabataean-Port-Red-Sea,320,
petra,Petra,comparandum,Nabataea,,,,,"However, Christian Augé is prudently dating the anonymous coins in the 2nd-1st century, referring to the stratigraphic excavations in Petra (Augé in Renel, Mouton et al. 2012:47-48).",Gawlikowski-Juchniewicz-al-Zahrani-2021-Aynuna-Nabataean-Port-Red-Sea,320,
petra,Petra,comparandum,Nabataea,,,,,"(2013) Coin Circulation in early Petra: a Summary, in M.",Gawlikowski-Juchniewicz-al-Zahrani-2021-Aynuna-Nabataean-Port-Red-Sea,322,
barygaza,Barygaza (Bharuch),anchor,Gujarat,,,,,"Barbarikon in the Maritime Trade Network of Early India 63 categorically mentions that roman coins had a great value in Barygaza as against local currency, thus suggesting a proit on foreign exchange values.13 The nature of transactions difered in Barbarikon. according to Casson, coinage was used as currency in Barbarikon.14 The silver currency used there was always of high intrinsic value irrespective of the political authorities issuing them.",Ghosh-Barbarikon-in-the-Maritime-Trade-Network-of-Early-India,5,
pattanam,Pattanam,anchor,Kerala,,,,,"The coins of early Cērās, with elephant on the obverse and bow and arrow on the reverse were discovered at Pattanam (Cherian ed. 2015a: 15, 50, 2015b: 14, 2015c: 14, 37, 52, 2015d:19, 29, 56, 87, 102, 127, 131, 2015e: 22, 57, 239, 2015 f: 81, 88, 100, 131, 2015g: 31, 2015h: 36) in Kerala and similar coins with symbols and Tamil Brahmi legend were discovered from Tamilnadu (Mahadevan 2003: 62-63).",Historical-Archaeology-Iron-Age-Early-Historic-Kerala,9,
pattanam,Pattanam,anchor,Kerala,,,,,The coins from the archaeological site of Pattanam were made with copper and lead.,Historical-Archaeology-Iron-Age-Early-Historic-Kerala,9,
kottayam_kerala,Kottayam (R. Minachal),candidate,Kerala,,,,,"At the same time, we have accidental discoveries of Roman gold coin treasure hoards from Valluvally, Eyyal and Kottayam Poyil, (Gupta (1965)1988, Satyamurthi 1992a) which prove that the Romans brought these coins for the purpose of exchange.",Historical-Archaeology-Iron-Age-Early-Historic-Kerala,9,
kottayam_kerala,Kottayam (R. Minachal),candidate,Kerala,,,,,"The discovery of gold coins at Valluvalli, Eyyal and Kottayam Poyil (Gupta (1965) (1988), Satyamurthy 1992a) corroborated to the accessibility of Roman gold coins in the contemporary society.",Historical-Archaeology-Iron-Age-Early-Historic-Kerala,15,
pattanam,Pattanam,anchor,Kerala,,,,,The discovery of copper and lead coins with Cēra emblems (bow and arrow and elephant) from the early historic archaeological layer at Pattanam also underline the existence of a political system which might have issued coins as well.,Historical-Archaeology-Iron-Age-Early-Historic-Kerala,23,
pattanam,Pattanam,anchor,Kerala,,,,,"However, the discovery of copper and lead coins from the Pattanam excavation seems to shown a  material wise difference in the value of coins.",Historical-Archaeology-Iron-Age-Early-Historic-Kerala,28,
aksum,Aksum,comparandum,Ethiopian highlands,,,,,"14 INTRODUCTION when neither party knew the other’s tongue “and there was a sad lack of interpreters”; of how Sopatrus, his friend of 35 years ago, was set on an elephant and drummed in honour through the town by the king of Ceylon for his ready wit in proving the superiority of the Roman Emperor over the Persian King of Kings by a comparison of their respective coins’; and of how he himself and his friend Menas set out at the request of the king of Axum with notebook in hand, like a pair of modern archaeological t",McCrindle-Cosmas-Indicopleustes-Christian-Topography,30,
kollam,Kollam / Quilon,candidate,Kerala,,,,,It has to be noted that in 2014 a large hoard of Chinese coins were unearthed from Southern Kollam.,Medieval-Ports-Maritime-Activities-North-Malabar,5,
pattanam,Pattanam,anchor,Kerala,,,,,"In this period, Pattanam seems to have achieved an urban status as seen by burnt bricks, roof tiles, terracotta ring wells and other finds like early Chera copper and lead coins.",PAMA-Unearthing-Pattanam-Excavation-Catalogue,14,
pattanam,Pattanam,anchor,Kerala,,,,,"Thus, gemstones, glass beads, semi-precious stone beads, inlays, intaglios, cameo-blanks, gold jewellery, copper coins, spices and pottery, vouch for Pattanam’s trade links with the Indian subcontinent and beyond, for much of its history (1000 BCE to CE 2000).",PAMA-Unearthing-Pattanam-Excavation-Catalogue,19,
pattanam,Pattanam,anchor,Kerala,,,,,"This is significant because the Chera coins excavated at Pattanam carry on their obverse, the symbol of elephants.",PAMA-Unearthing-Pattanam-Excavation-Catalogue,24,
pattanam,Pattanam,anchor,Kerala,,,,,Most of the coins at Pattanam belong to the early Cheras.,PAMA-Unearthing-Pattanam-Excavation-Catalogue,58,
barygaza,Barygaza (Bharuch),anchor,Gujarat,,,,,"And  Alexander,  setting  out  from  these  parts, penetrated  to  the  Ganges,  leaving  aside  Damirica  and the  southern  part  of  India;  and  to  the  present  day  an- cient drachmae  are  current  in  Barygaza,  coming  from this  country,  bearing  inscriptions  in  Greek  letters,  and",Schoff-1912-Periplus-of-the-Erythraean-Sea,51,
barygaza,Barygaza (Bharuch),anchor,Gujarat,,,,Y,"Warlike  nation  of  the  Bactrians. — This  passage,  with its  reference  to  Graeco-Bactrian  coins  current  in  Barygaza,  presents  a view  of  Indian  history  which  does  not  appear  in  any  other  contempo- rary work.",Schoff-1912-Periplus-of-the-Erythraean-Sea,194,
barygaza,Barygaza (Bharuch),anchor,Gujarat,,,,,"This  phase  of  Asiatic  history  is  reflected  by  the  mention  of  the Greek  coinage  of  Apollodotus  and  Menander,  current  in  Barygaza  at the  time  of  the  Periplus.",Schoff-1912-Periplus-of-the-Erythraean-Sea,195,
barygaza,Barygaza (Bharuch),anchor,Gujarat,,,,,As  an  import  at  Barygaza  lead  was  required  largely  for  the  coinage of  the  Saka  dominions. 49.,Schoff-1912-Periplus-of-the-Erythraean-Sea,200,
barygaza,Barygaza (Bharuch),anchor,Gujarat,,,,Y,"(Imports) Coin,  in  great  quantity Topaz Thin  clothing,  not  much Figured  linens Antimony Coral Crude  glass Copper Tin Lead Wine,  not  much,  but  as  much as  at  Barygaza Realgar Orpiment Wheat    (for    the    sailors,    the country  not  producing  it) .",Schoff-1912-Periplus-of-the-Erythraean-Sea,297,
pattanam,Pattanam,anchor,Kerala,,,,,"The main evidence for the Early Historic period had come from coin hoards, of which 4 were found in the vicinity of Pattanam: three containing Roman coins, at Eyyal, Valluvalli and Kumbalam (Sathyamurthy 1992), and a punch-marked hoard at Puthenchira.",Shajan-Tomber-Selvakumar-Cherian-2004-JRA-Locating-the-Ancient-Port-of-Muziris,5,
myos_hormos,Myos Hormos (Quseir al-Qadim),anchor,Egyptian Red Sea,,,,,"Recent ﬁnds of Ptolemaic pottery and coins at Myos Hormos,67 as well as Ptolemaic (or possibly early Roman) temple blocks in the Ottoman/French fort and some of the houses at Quseir,68 may point to a Ptolemaic-era port in this same region.",Sidebotham-2011-Berenike-and-the-Ancient-Maritime-Spice-Route,50,
berenike,Berenike,anchor,Egyptian Red Sea,,,,,"Thus, although we have yet to uncover many physical remains of early Roman Berenike, a great deal of other evidence, mainly numismatic, ceramic, and epigraphic, seems to point to major construction activity associated with trade in the ﬁrst century c.e. sometime between the reigns of Tiberius and the Flavians.",Sidebotham-2011-Berenike-and-the-Ancient-Maritime-Spice-Route,84,
berenike,Berenike,anchor,Egyptian Red Sea,,,,,"(We deal extensively with this and other desert installations in the early and late Roman periods in chapter 8.) Excavations at Berenike have shown that after the early second century c.e. there was a dramatic decrease in the quantity of texts, coins, pottery, and other datable small ﬁnds.",Sidebotham-2011-Berenike-and-the-Ancient-Maritime-Spice-Route,84,
berenike,Berenike,anchor,Egyptian Red Sea,,,,,"At Koptos, the main Nile terminus for the Berenike road in the Roman period,33 excavators years ago found inscriptions recording the presence of Palmyrene archers stationed there in the same period as that in which they appear at Berenike—viz. 215/ 216 c.e.34 Also at Koptos, a dedicatory inscription to Yarhibol has been documented.35 These parallel texts from Berenike and Koptos cannot be mere coincidences; they must record individuals of the same unit stationed simultaneously at both cities who patrolled the Kopto",Sidebotham-2011-Berenike-and-the-Ancient-Maritime-Spice-Route,87,
berenike,Berenike,anchor,Egyptian Red Sea,,,,Y,"The price for donkey and saddle is 160 drachmas, and the bill of sale is dated July 26, 60 c.e.22 This sale, at the height of the sailing season, should not be surprising, since transport would have been in great demand to move freight and people between the Nile valley and Berenike at that time of year.",Sidebotham-2011-Berenike-and-the-Ancient-Maritime-Spice-Route,92,
berenike,Berenike,anchor,Egyptian Red Sea,,,,,"The main camp at Mons Claudianus also possesses animal lines for accommodating primarily donkeys and camels.254 TETHERING LINES ON THE MARSA NAKARI (NECHESIA?)–NILE ROAD The Marsa Nakari (Nechesia?)–Nile road linked the small Red Sea port at Marsa Nakari, which may be the ancient Nechesia described by Claudius Ptolemy (Geography 4.5.8), with Apollonopolis Magna.255 At its western end this route coincided with that linking Berenike to Apollonopolis Magna (see chapter 8).",Sidebotham-2011-Berenike-and-the-Ancient-Maritime-Spice-Route,141,
myos_hormos,Myos Hormos (Quseir al-Qadim),anchor,Egyptian Red Sea,,,,,"Excavations at Myos Hormos recovered Ptolemaic coins and pottery near the harbor,82 suggesting that the Hellenistic settlement was either inundated by the sea or buried by sediments carried through the wadi.",Sidebotham-2011-Berenike-and-the-Ancient-Maritime-Spice-Route,164,
berenike,Berenike,anchor,Egyptian Red Sea,,,,Y,"The Peutinger Table, a twelfth- or thirteenth-century copy several times removed from the original Roman map probably of the fourth century c.e., was more useful for those journeying between the Nile and the Red Sea coast.198 Although some stations listed for the Berenike–Koptos road in the Peutinger Table seem to coincide with Pliny’s, others do not, and the distances between the stops given in the Peutinger Table do not always match those provided by Pliny.",Sidebotham-2011-Berenike-and-the-Ancient-Maritime-Spice-Route,178,
myos_hormos,Myos Hormos (Quseir al-Qadim),anchor,Egyptian Red Sea,,,,,"Berenike212 and at forts along the Myos Hormos–Nile road,213 as well as at Didymoi toward the northern end of the Berenike–Koptos road.214 Another at Jovis/Dios, also on the Berenike–Koptos road, recently yielded a Trajanic text.215 Study of grafﬁti carved by residents and passersby and the recovery and analysis of ancient coins occasionally found at the sites also help to date activities.",Sidebotham-2011-Berenike-and-the-Ancient-Maritime-Spice-Route,183,
myos_hormos,Myos Hormos (Quseir al-Qadim),anchor,Egyptian Red Sea,,,,Y,"Yet, early Roman ostraka from Bir Fawakhir along the Myos Hormos–Nile road record wagons used to deliver supplies to troops stationed there.313 The ofﬁces of curator of wagons and curator of chariots appear on ostraka excavated at praesidia along the Myos Hormos–Nile road.314 The Koptos Tariff also notes a fee of four drachmas levied on covered wagons that traveled one of the desert roads.315 Mines and Transport Roman-era mining in the Eastern Desert did not demand the huge wheeled transport or extensive watering p",Sidebotham-2011-Berenike-and-the-Ancient-Maritime-Spice-Route,193,
aila,Aila (Aqaba),comparandum,Northern Red Sea,,,,,"The pilgrim Antonius of Placentia, passing through in 570 c.e., reports maritime trafﬁc bringing a variety of spices from India to Aila.17 Finds from Aila including Axumite/Adulismade pottery, and Axumite coins indicate contacts with that African kingdom.18 Yet, little or nothing of Indian origin has been documented.",Sidebotham-2011-Berenike-and-the-Ancient-Maritime-Spice-Route,199,
myos_hormos,Myos Hormos (Quseir al-Qadim),anchor,Egyptian Red Sea,,,,Y,"Excavations document Roman activity here between the ﬁrst and third centuries c.e.77 Little aside from a coin and some sherds from the harbor attest Ptolemaic presence.78 Strabo (Geography 17.1.45) writes that Myos Hormos was more important than Berenike in his day, but archaeological evidence from excavations in both ports does not bear him out.",Sidebotham-2011-Berenike-and-the-Ancient-Maritime-Spice-Route,205,
myos_hormos,Myos Hormos (Quseir al-Qadim),anchor,Egyptian Red Sea,,,,,"Indeed, the Kingdom of Axum reached its ﬂoruit in international commerce beginning in the late third/early fourth century c.e.114 Axumite coins and pottery have been found at Aila, Myos Hormos, and Berenike, and Axumite coins have been documented in Palestine, suggesting their transport by Christian pilgrims.115 Axumite coins and pottery have also been found in southern Arabia and India.116 A military expedition launched by Axum against the Himyarite king Du Nuwas in 524– 525 c.e. had the support of Justin I (518–5",Sidebotham-2011-Berenike-and-the-Ancient-Maritime-Spice-Route,208,
qana,Qana / Kane,anchor,South Arabia,,,,,"Qana’ imported wheat from Egypt, wine, copper, tin, coral, embossed silverware, a great deal of money (coins?), horses, statuary, and ﬁne clothing.",Sidebotham-2011-Berenike-and-the-Ancient-Maritime-Spice-Route,210,
socotra,Socotra,comparandum,Arabian Sea,,,,,"The latest ancient classical reference to Socotra comes in the sixth century, when Cosmas Indicopleustes (Christian Topography 3.65)145 mentions that Christian clergy from Persia inhabited the island and that some of its residents, who were descendants of Ptolemaic colonists, spoke Greek.146 PORTS IN INDIA AND SRI LANKA In India random discoveries and excavations have recovered quantities of Mediterraneanmade objects including Roman denarii and aurei, fragments of transport amphoras, ﬁne dinnerware, glass and terra",Sidebotham-2011-Berenike-and-the-Ancient-Maritime-Spice-Route,211,
alagankulam,Alagankulam,comparandum,Coromandel,,,,,"ter at Khor Rori on the Indian Ocean coast of Oman,63 and a stone relief of a sailing ship in Palmyra.64 There is also a representation from Hoq cave on Socotra and another from the Ajanta caves in India.65 One also appears on a sherd from the Coromandel port of Alagankulam, south of Arikamedu.66 The ship grafﬁto from Berenike dates from 50 to 70 c.e., contemporary with Pliny’s Natural History and with the latest phase of the early Roman trash dump at Berenike; it also coincides with the date of the Periplus.",Sidebotham-2011-Berenike-and-the-Ancient-Maritime-Spice-Route,223,
myos_hormos,Myos Hormos (Quseir al-Qadim),anchor,Egyptian Red Sea,,,,Y,"This particular text records little about costs incurred for conveying goods by camel caravan between the Nile and the Red Sea, which were likely very different.68 One ostrakon records the conveyance of a jar of hallec, ﬁsh sauce, probably from Myos Hormos to the praesidium at Maximianon, a distance of about 65 km, for the sum of one drachma.69 We do not know what other cargo might also have been carried along with this jar, nor do we know the type of transport—pack animal or wagon—that may have been used.",Sidebotham-2011-Berenike-and-the-Ancient-Maritime-Spice-Route,235,
berenike,Berenike,anchor,Egyptian Red Sea,,,,,"Although until quite recently used to weigh gold in shops in India and elsewhere in the Indian Ocean basin, it is, and was, also mixed with frankincense and myrrh.83 Its recovery in the excavations may be indirect evidence that these aromatics passed through Berenike; certainly this would have been expected, since ancient authors describe how these solidiﬁed tree resins were major import items from southern Arabia and the Horn of Africa region through Egypt’s Red Sea ports.",Sidebotham-2011-Berenike-and-the-Ancient-Maritime-Spice-Route,251,
berenike,Berenike,anchor,Egyptian Red Sea,,,,,"In fact, judging from the shape of the recovered amphora fragments, wine seems to have been a major commodity at Berenike, undoubtedly for local consumptionaswellasforexport.111“Italian,”“Aminaean”(producedinCampania,Sicily,Spain, and Syria),112 Rhodian, Ephesian, Kolophonian (Asia Minor), and Laodicean (especially Syrian) wines113 were popular exports according to the early Roman Berenike ostraka, and some of these are, coincidentally, also mentioned in the Periplus as popular Mediterranean items in demand at Arab",Sidebotham-2011-Berenike-and-the-Ancient-Maritime-Spice-Route,254,
berenike,Berenike,anchor,Egyptian Red Sea,,,,,The same may be true of the cameo blanks and other semiprecious stones from western and northwestern India that have been found at Berenike as well as the only Indian coin thus far recovered in the excavations.,Sidebotham-2011-Berenike-and-the-Ancient-Maritime-Spice-Route,261,
berenike,Berenike,anchor,Egyptian Red Sea,,,,,A silver coin of King Rudrasena III of the Kshatrapas of western India dating to 362 c.e. was found in Berenike’s ﬁfth-century church212 (see chapter 13); it likely arrived via one of the southern Indian ports of call.,Sidebotham-2011-Berenike-and-the-Ancient-Maritime-Spice-Route,261,
berenike,Berenike,anchor,Egyptian Red Sea,9.0,percent,exact,,"Second- and third-century issues account for only about 9 percent of the total, while coins from the second quarter of the fourth into the late fourth and the early ﬁfth centuries make up about 34 percent of the total.246 Thus, the corpus of base-metal and billon Roman coins from Berenike, especially of Claudius, Nero, and the Flavians, suggests economic prosperity at that time and later in the fourth century.",Sidebotham-2011-Berenike-and-the-Ancient-Maritime-Spice-Route,265,
berenike,Berenike,anchor,Egyptian Red Sea,34.0,percent,exact,,"Second- and third-century issues account for only about 9 percent of the total, while coins from the second quarter of the fourth into the late fourth and the early ﬁfth centuries make up about 34 percent of the total.246 Thus, the corpus of base-metal and billon Roman coins from Berenike, especially of Claudius, Nero, and the Flavians, suggests economic prosperity at that time and later in the fourth century.",Sidebotham-2011-Berenike-and-the-Ancient-Maritime-Spice-Route,265,
myos_hormos,Myos Hormos (Quseir al-Qadim),anchor,Egyptian Red Sea,,,,,"Numismatic and epigraphic (especially ostraka) evidence from excavations at Berenike, and epigraphic evidence from praesidia along the Berenike–Koptos and Myos Hormos–Koptos roads and from Koptos itself (see chapter 8), however, suggest that the ﬂoruit of this commerce was in the Claudian, Neronian, and Flavian eras (41–96 c.e.) and into the early second century.",Sidebotham-2011-Berenike-and-the-Ancient-Maritime-Spice-Route,266,
barygaza,Barygaza (Bharuch),anchor,Gujarat,,,,,"In fact, the Periplus (49) mentions that Roman coins could be exchanged at a proﬁt at Barygaza.",Sidebotham-2011-Berenike-and-the-Ancient-Maritime-Spice-Route,268,
barygaza,Barygaza (Bharuch),anchor,Gujarat,,,,,"Then during the reign of Vespasian, in about 70 c.e., the ratio was one to ten, approximately that in India.264 Thus Roman coins minted before 64 c.e. and even before 70 c.e. were proﬁtable to exchange at Barygaza for Indian silver.",Sidebotham-2011-Berenike-and-the-Ancient-Maritime-Spice-Route,268,
barygaza,Barygaza (Bharuch),anchor,Gujarat,,,,Y,"In other words, those trading Roman coins in the later ﬁrst, second, or subsequent centuries may have gathered or otherwise hoarded the earlier (pre-64 or pre-70 c.e.) Roman-issue coins of ﬁner purity and traded these in India not only at Barygaza, but perhaps also at other emporia.",Sidebotham-2011-Berenike-and-the-Ancient-Maritime-Spice-Route,268,
barygaza,Barygaza (Bharuch),anchor,Gujarat,,,,,"These “Roman” merchants, far from losing money in this trade, in fact stood to make a proﬁt if they exchanged their denarii elsewhere in India for local silver at as advantageous a rate as they received at Barygaza.",Sidebotham-2011-Berenike-and-the-Ancient-Maritime-Spice-Route,268,
myos_hormos,Myos Hormos (Quseir al-Qadim),anchor,Egyptian Red Sea,,,,Y,"None of the excavations at Myos Hormos, Berenike, Marsa Nakari, or Cleopatris have documented Roman denarii or aurei—the silver and gold coins in demand in India and elsewhere.",Sidebotham-2011-Berenike-and-the-Ancient-Maritime-Spice-Route,269,
berenike,Berenike,anchor,Egyptian Red Sea,,,,,Only one bronze Axumite coin and one silver Indian coin have been found in ten seasons of excavations at Berenike.,Sidebotham-2011-Berenike-and-the-Ancient-Maritime-Spice-Route,269,
myos_hormos,Myos Hormos (Quseir al-Qadim),anchor,Egyptian Red Sea,,,,Y,"The aes coin depicts Aphilas, the last pre-Christian king of Axum (reign about 270/290 to before 330 c.e.).272 The silver one was issued by the Kshatrapa king Rudrasena III (Svami Rudrasena, ruled 348–390 c.e.).273 No foreign coins have turned up in excavations at Myos Hormos, at Marsa Nakari, or, it seems, at Clysma.",Sidebotham-2011-Berenike-and-the-Ancient-Maritime-Spice-Route,269,
aila,Aila (Aqaba),comparandum,Northern Red Sea,,,,,"Some Axumite coins have been found at Aila and in Palestine, where they were undoubtedly lost or left by Christian pilgrims visiting the Holy Land from that African kingdom.274 A large hoard of late Roman/Byzantine mixed with Axumite gold coins was found in Yemen,275 and individual specimens have been recorded elsewhere in southern Arabia and India.276 A hoard of twenty-seven Axumite coins together with fourteen Roman gold solidi and two Gupta coins was found in Mangalore on the west coast of India;277 at 248 • T R",Sidebotham-2011-Berenike-and-the-Ancient-Maritime-Spice-Route,269,
tissamaharama,Tissamaharama,comparandum,Sri Lanka,,,,,"least one imitation, possibly of an Axumite coin, has also been found on the subcontinent.278 An Axumite coin and one imitation have also been documented from excavations at Tissamaharama, Sri Lanka.279 Kushana gold coins have turned up on the road linking Axum to the Red Sea coast, indicating the two-way nature of the commerce.280 Overall this Red Sea–Indian Ocean commerce seems to have been very freewheeling and one that undoubtedly included barter, which Pausanias (3.12.4) in the second century c.e. also suggest",Sidebotham-2011-Berenike-and-the-Ancient-Maritime-Spice-Route,270,
aksum,Aksum,comparandum,Ethiopian highlands,,,,,"Compared with numbers discovered in southern India, few Roman coins have been found in excavated or other securely documented archaeological contexts in northern India, southern Arabia, or the Kingdom of Axum—all of which were important trading partners for Rome.",Sidebotham-2011-Berenike-and-the-Ancient-Maritime-Spice-Route,270,
berenike,Berenike,anchor,Egyptian Red Sea,,,,,"Excavations at Berenike in the ﬁfthcentury church recovered a coin of Aphilas, the last pre-Christian king of Axum (reigned c. 270/290 to before 330 c.e.).18 The Kingdom of Axum in modern Ethiopia and Eritrea, and the Kingdom of Himyar in southern Arabia, both controlling important incenseproducing regions or transportation routes from them, were key players in the trade at this time.",Sidebotham-2011-Berenike-and-the-Ancient-Maritime-Spice-Route,282,
aksum,Aksum,comparandum,Ethiopian highlands,,,,,"These include the recovery of the late third-/early fourth-century coin from the Kingdom of Axum, depicting King Aphilas, mentioned earlier.",Sidebotham-2011-Berenike-and-the-Ancient-Maritime-Spice-Route,296,
aksum,Aksum,comparandum,Ethiopian highlands,,,,,"From the late third/early fourth century on, Axum, centered in Eritrea and Ethiopia, became a major player in maritime trade with other areas of the Red Sea and Indian Ocean, and this is conﬁrmed by the ﬁnds of Axumite coins and pottery throughout the Red Sea and Indian Ocean (see chapters 6 and 12).",Sidebotham-2011-Berenike-and-the-Ancient-Maritime-Spice-Route,298,
aksum,Aksum,comparandum,Ethiopian highlands,,,,,"In fact, the ﬁrst minting of Axumite coins117 coincides with the rise of Axum as a major trading power in the late third century.",Sidebotham-2011-Berenike-and-the-Ancient-Maritime-Spice-Route,298,
aksum,Aksum,comparandum,Ethiopian highlands,,,,Y,"Some imitations of Axumite coins have been documented in India and the eastern Roman Empire.118 Though Axumite coins have not been found outside the Kingdom of Axum in great numbers, the fact that someone, likely in Egypt, felt the need to imitate or counterfeit them suggests something about the commercial and political importance of that state in the late Roman era.",Sidebotham-2011-Berenike-and-the-Ancient-Maritime-Spice-Route,298,
aksum,Aksum,comparandum,Ethiopian highlands,,,,,"pottery, but the numbers are surprisingly small.119 The rise of Axum sometime in the late third century c.e. coincided with the demise of the Meroitic Empire.",Sidebotham-2011-Berenike-and-the-Ancient-Maritime-Spice-Route,299,
berenike,Berenike,anchor,Egyptian Red Sea,,,,,"By the late ﬁfth/early sixth centuries the Axumites and Arabs at the southern end of the Red Sea dominated the maritime trade.137 Evidence of the growing commercial muscle of Axum is apparent in late Roman Berenike, where our excavations recovered Axumite pottery and a coin.",Sidebotham-2011-Berenike-and-the-Ancient-Maritime-Spice-Route,301,
berenike,Berenike,anchor,Egyptian Red Sea,,,,Y,"Sidebotham (2007a): 209 (no. 114), 210 (pl. 8–14): for Axumite coin at Berenike;",Sidebotham-2011-Berenike-and-the-Ancient-Maritime-Spice-Route,347,
berenike,Berenike,anchor,Egyptian Red Sea,18,coins,exact,,Tomber (2007a): for Axumite sherds at Berenike;Whitcomb (1994): 16–18 for Axumite coins from Aila;,Sidebotham-2011-Berenike-and-the-Ancient-Maritime-Spice-Route,347,
ed_dur,ed-Dur,comparandum,Gulf,,,,,"International Contacts in the Southern Persian Gulf in the Late 1st Century b.c./1st Century a.d.: Numismatic Evidence from Ed-Dur (Emirate of Umm al-Qaiwain, U.A.E.).",Sidebotham-2011-Berenike-and-the-Ancient-Maritime-Spice-Route,399,
berenike,Berenike,anchor,Egyptian Red Sea,,,,,"See Aila/Aela/Aelana Aqabat Najd Marqad, 252 Arabia, South: caravan routes of, 32, 33, 38; coins to, 244, 246; grafﬁti at Berenike, 74– 75, 224; inscription, 211; merchants in Berenike from, 224; as middlemen in Ptolemaic trade, 37–38;",Sidebotham-2011-Berenike-and-the-Ancient-Maritime-Spice-Route,447,
aksum,Aksum,comparandum,Ethiopian highlands,,,,,"Christian ecclesiastical complex at, 272, 274–75; coin from Axum at, 187, 248, 261, 275, 277; commercial/residential quarter at, 268–71; contact with India and Sri Lanka of, 261, 276; demise of, 279– 81; diet at, 278; greater emphasis on local resources at, 278; harbors at, 272; hinterland of, 275–77; ply split braiding at, 261– 62; possible light house at, 271; urban renewal at, 262–63; warehouse at, 272, 273; water source unknown at, 80, 278–79.",Sidebotham-2011-Berenike-and-the-Ancient-Maritime-Spice-Route,448,
berenike,Berenike,anchor,Egyptian Red Sea,,,,,"Roman use of, 53–54; routes used by, 41–42; transportation of, 48–52; use in battle of, 39–41, 46–47, 53–54 Ethiopian pea, 229 Eudoxus of Cyzicus, 35 Farasan Islands, 188 Fatireh al-Beida, 131 Fatireh al-Beida al-Qibli, 131 Fawakhir (Persou), 132 ﬁsh products, 234 frankincense, 34, 38, 189, 191, 225, 250; price of, 247–48; regulation of trade of, 252; use of, 230 galena, 23 Galerius, 260 Gallienus, 108 garum, 79 Gebel Qatrani, 25 Gebel Rokham/Ataﬂa, 134. 167 Gebel Umm Naqqat, 120, 121 Gebel Zeit, 22, 23 Gerf (Arist",Sidebotham-2011-Berenike-and-the-Ancient-Maritime-Spice-Route,449,
arikamedu,Arikamedu,anchor,Coromandel,,,,,Both the coins and pottery were published in the Arikamedu report in Ancient India (Wheeler et al. 1946).,Tomber-2008-Indo-Roman-Trade-From-Pots-to-Pepper,16,
barygaza,Barygaza (Bharuch),anchor,Gujarat,,,,,"From these texts, Casson infers that coinage was used for barter at Barygaza (PME 49) and as currency at Barbarikon (PME 39) and in Tamil country (PME 56) (Casson 1989: 30-1;",Tomber-2008-Indo-Roman-Trade-From-Pots-to-Pepper,37,
barygaza,Barygaza (Bharuch),anchor,Gujarat,,,,,"The implication is that although Barygaza and Barbarikon were both in coin using areas, the nature of transactions differed.",Tomber-2008-Indo-Roman-Trade-From-Pots-to-Pepper,37,
berenike,Berenike,anchor,Egyptian Red Sea,,,,,The single Indian coin from the Red Sea coast is a mid- to late fourth-century Kshatrapa coin of Rudrasena III found residually at the Berenike church (Sidebotham 2007: 76,Tomber-2008-Indo-Roman-Trade-From-Pots-to-Pepper,78,
berenike,Berenike,anchor,Egyptian Red Sea,,,,,Other East African finds from Berenike are a graffito with a probable Ethiopic origin from a late fourth-/early fifth-century context (Gragg 1996) and a coin of King Aphilas (c. 270/90-before 330 AD) found residually in the church at Berenike (Sidebotham 2007: 201).,Tomber-2008-Indo-Roman-Trade-From-Pots-to-Pepper,80,
adulis,Adulis,anchor,East African Red Sea,,,,,Additional Roman evidence comes from a coin of Valerian (AD 253-60) from Adulis (Paribeni 1907: fig. 11).,Tomber-2008-Indo-Roman-Trade-From-Pots-to-Pepper,93,
adulis,Adulis,anchor,East African Red Sea,,,,,"This is a coin of Constantine from Qohayto (Munro-Hay 1982: }11), thought to be Koloe, the staging post between Adulis and Aksum (PME 4;",Tomber-2008-Indo-Roman-Trade-From-Pots-to-Pepper,94,
sumhuram,Sumhuram (Khor Rori),anchor,South Arabia,,,,,"At Khor Rori, Indian pottery is matched by rare Indian finds of a bronze statue of a female (Albright 1955) and a coin of Kanishka (Sedov & ‘Aydarus 1995: 53).",Tomber-2008-Indo-Roman-Trade-From-Pots-to-Pepper,109,
mleiha,Mleiha,comparandum,Gulf,,,,Y,"By the third century Sasanian coins were present in the region, but not at either Mleiha or Ed Dur (Haerinck 1998a: 299, citing Potts & Cribb 1995). * Other imported finds from Mleiha are similar to those from Ed Dur, such as glass from funerary contexts (Jasim 1999) and 112",Tomber-2008-Indo-Roman-Trade-From-Pots-to-Pepper,114,
mleiha,Mleiha,comparandum,Gulf,,,,,"One theory is that Ed Dur was the port for Mleiha and the two had a symbiotic relationship: Ed Dur supplied Mleiha with seafoods and foreign objects, while Mleiha was rich in agricultural products; furthermore, they shared a local coinage restricted to the Oman Peninsula (Haerinck 1998b: esp. 27).",Tomber-2008-Indo-Roman-Trade-From-Pots-to-Pepper,115,
barygaza,Barygaza (Bharuch),anchor,Gujarat,,,,,"However, Casson interprets the Periplus to mean that coinage was used for barter at Barygaza and sometimes as cash at Barbarikon (1989: 30-1;",Tomber-2008-Indo-Roman-Trade-From-Pots-to-Pepper,128,
alagankulam,Alagankulam,comparandum,Coromandel,,,,,"If the coins are any indication, the later period at Alagankulam was substantial and may well represent a shift in importance from Arikamedu to here.",Tomber-2008-Indo-Roman-Trade-From-Pots-to-Pepper,141,
pattanam,Pattanam,anchor,Kerala,,,,,"Four coin hoards are recorded from the vicinity of Pattanam: Roman ones from lyyal, Valluvalli and Kumbalam extending into the second century and a punch-marked one from Puthenchira (Sathyamurthy 1992: 4-5;",Tomber-2008-Indo-Roman-Trade-From-Pots-to-Pepper,145,
aila,Aila (Aqaba),comparandum,Northern Red Sea,,,,Y,"Although not securely provenanced, Aksumite coins are more commonly found in the Levant during Late Roman or Early Islamic times and are associated with Christian pilgrimage sites, including Aila, which may have been the entry point for them (Hahn 1994-9, 2004: 286).",Tomber-2008-Indo-Roman-Trade-From-Pots-to-Pepper,165,
berenike,Berenike,anchor,Egyptian Red Sea,,,,,"In this context the co-occurrence of Aksumite coins and Aqaba amphorae at Berenike, Qana, and Shabwa is noted (see above;",Tomber-2008-Indo-Roman-Trade-From-Pots-to-Pepper,166,
aila,Aila (Aqaba),comparandum,Northern Red Sea,,,,,"Tomber 2005b), but the proposed role of Aila in the distribution of Aksumite coins to pilgrimage sites should be borne in mind.",Tomber-2008-Indo-Roman-Trade-From-Pots-to-Pepper,166,
berenike,Berenike,anchor,Egyptian Red Sea,,,,,"South India appears the most important, both for southern goods and as a transhipment point for Sri Lanka, while the fourth century coin of Rudrasena III from Berenike suggests some continued input from further north (Sidebotham 2007: 201).",Tomber-2008-Indo-Roman-Trade-From-Pots-to-Pepper,167,
ed_dur,ed-Dur,comparandum,Gulf,,,,,"Haerinck, E. 1998a ‘International contacts in the southern Persian Gulf in the late 1st century B.C./1st century A.D.: numismatic evidence from Ed-Dur (Emirate of Umm al-Qaiwain, U.A.E.)’, Tranica Antiqua 33: 273-302.",Tomber-2008-Indo-Roman-Trade-From-Pots-to-Pepper,190,
mleiha,Mleiha,comparandum,Gulf,,,,,"Haerinck, E. 1998b ‘The shifting pattern of overland and seaborne trade in SE-Arabia: foreign pre-Islamic coins from Mleiha (Emirate of Sharjah, U.A.E.)’, Akkadica 106: 22-40.",Tomber-2008-Indo-Roman-Trade-From-Pots-to-Pepper,190,
tissamaharama,Tissamaharama,comparandum,Sri Lanka,,,,,"Walburg, R. 2001 ‘The coins from Tissamaharama, Godavaya and Ambalantota (1995-1998): an annotated catalogue’, in Weisshaar et al. 2001: 261-74.",Tomber-2008-Indo-Roman-Trade-From-Pots-to-Pepper,206,
arikamedu,Arikamedu,anchor,Coromandel,,,,,"Medieval coins belong to Chola, Pallava and right up Vijayanagara rule were unearthed from Arikamedu sites by different excavators.",apa-IndOc-Gulf-Arikamedu-Pillai2010,14,
barygaza,Barygaza (Bharuch),anchor,Gujarat,,,,,"De Romanis, Federico: Notes on Barygaza’s Trade: Commodities and Coins at an Asian Crossroads, in: Fabian, Lara et al.",apa-IndOc-Gulf-Barygaza-Romanis2025,1,
barygaza,Barygaza (Bharuch),anchor,Gujarat,,,,Y,"However, in the lists of Barbarikon and Limyrike, the author uses the generic term χρῆμα/χρήματα (money); in the list of Barygaza, he refers explicitly to aurei and denarii, which can be exchanged at some profit for local currency (δηνάριον χρυσοῦν καὶ ἀργυροῦν, ἔχον ἀλλαγὴν καὶ ἐπικέρδειάν τινα πρὸς τὸ ἐντόπιον νόμισμα).46 Coins At the time of the Periplus, the export of Roman coins was a part of Roman commerce with almost every trading centre on the Erythrà Thálassa.47 Moreover, the hoards found in India show tha",apa-IndOc-Gulf-Barygaza-Romanis2025,9,
barygaza,Barygaza (Bharuch),anchor,Gujarat,,,,,"Notes on Barygaza’s Trade 131 export, at first because they were the newest and heaviest denarii available, then eventually because, in addition to being the heaviest, they had become familiar to Indian traders.",apa-IndOc-Gulf-Barygaza-Romanis2025,11,
adulis,Adulis,anchor,East African Red Sea,,,,,"In Adulis, for example, the coins were used to pay foreign middlemen who lived there, while the local population used pieces of brass as currency (ἀντὶ νομίσματος).54 As for India, Pausanias claims that, according to merchants who sailed there, the Indians exchanged goods for Greek wares and knew nothing of money (νόμισμα δὲ οὐκ ἐπίστασθαι).55 These two assertions by Pausanias should be handled cautiously.",apa-IndOc-Gulf-Barygaza-Romanis2025,11,
barygaza,Barygaza (Bharuch),anchor,Gujarat,,,,Y,"For the southern part of the subcontinent, for example, the Periplus remarks that the money exported from Egypt circulated in the Coromandel Coast; since the Coromandel Coast was not usually visited by western ships, it follows that the Roman coins were brought there by Indian traders.56 The familiarity with money is particularly evident in Barygaza, where Roman coins merged into a complex monetary circulation system.",apa-IndOc-Gulf-Barygaza-Romanis2025,11,
barygaza,Barygaza (Bharuch),anchor,Gujarat,,,,,"As mentioned above, ships from Egypt brought raw copper, tin, and lead—all metals that were used by Nahapāna for low-value coinage.60 They also carried Roman aurei and denarii, which were primarily intended to pay for local wares, but at Barygaza they could also be exchanged for local currency (ἐντόπιον νόμισμα) at some profit: δηνάριον χρυσοῦν καὶ ἀργυροῦν, ἔχον ἀλλαγὴν καὶ ἐπικέρδειάν τινα πρὸς τὸ ἐντόπιον νόμισμα.",apa-IndOc-Gulf-Barygaza-Romanis2025,12,
barygaza,Barygaza (Bharuch),anchor,Gujarat,,,,,"MacDowall took the suvarṇa to be the Roman aureus and the kārṣāpaṇa the Nahapāna drachma, also concluding that the gold-to-silver ratio was 1:10.69 In my view, any interpretation which derives from the Nasik inscription an unequivocal gold-to-silver ratio of 1:10 must also acknowledge the inconsistency with the report in the Periplus that Roman aurei were exchanged at some profit for local currency at Barygaza.",apa-IndOc-Gulf-Barygaza-Romanis2025,14,
barygaza,Barygaza (Bharuch),anchor,Gujarat,,,,,"Altekar, who was the first to realise that the Nasik equivalence had to be reconciled with the information provided by the Greek author, surmised that Roman silver coins could be profitably exchanged for Indian connection between Barygaza's trade and Nahapāna's religious devotion is emphasised by the Āvaśyaka tradition, which  preserves the memory of a conflict between a king Sātavāhana, who resided in Pratiṣṭhāna and was powerful because of his army, and Nahapāna, who resided in Bhṛgukaccha and was powerful becau",apa-IndOc-Gulf-Barygaza-Romanis2025,14,
barygaza,Barygaza (Bharuch),anchor,Gujarat,,,,,"Notes on Barygaza’s Trade 135 gold, even though the text clearly says ἐντόπιον νόμισμα (local currency).70 MacDowall postulated that only silver denarii were exchanged.",apa-IndOc-Gulf-Barygaza-Romanis2025,15,
barygaza,Barygaza (Bharuch),anchor,Gujarat,,,,,The theory that a Roman aureus was exchanged for thirty-five Nahapāna drachmas is inconsistent with the information in the Periplus that both aurei and denarii were exported and exchanged for local currency at a profit in Barygaza.,apa-IndOc-Gulf-Barygaza-Romanis2025,15,
barygaza,Barygaza (Bharuch),anchor,Gujarat,,,,,Notes on Barygaza’s Trade 137 mid-first century CE.82 The simultaneous circulation of worn punch-marked coins and newer but lighter Indian drachmas—both with the official nominal value of one kārṣāpaṇa—solves the riddle of the Nasik inscription.,apa-IndOc-Gulf-Barygaza-Romanis2025,17,
barygaza,Barygaza (Bharuch),anchor,Gujarat,,,,,"Notes on Barygaza’s Trade 139 denarius did come from India, it may have been imported from Barygaza in the form of local currency and used to pay customs duties in Egypt.",apa-IndOc-Gulf-Barygaza-Romanis2025,19,
barygaza,Barygaza (Bharuch),anchor,Gujarat,,,,,An alternative suggestion is that denarii and aurei were used by Indian traders from Barygaza for their own trade in the subcontinent.,apa-IndOc-Gulf-Barygaza-Romanis2025,19,
barygaza,Barygaza (Bharuch),anchor,Gujarat,,,,,"For example, the Augustan and  Tiberian denarii and aurei found at Adam, the Julio-Claudian denarii found at Akkenpalle (more than 1,500, from Augustus to Nero, but mostly Augustan and  Tiberian), and other Roman coins found in Telangana, Andhra Pradesh, Tamil Nadu, and Kerala may have entered India via Barygaza.92 89 Tac.",apa-IndOc-Gulf-Barygaza-Romanis2025,19,
kaveripattinam,Kaveripattinam,comparandum,Coromandel,,,,,"and Southeast Asian potteries during explorations, in addition to Chinese coins from the 11th-12th centuries CE and a bronze bell with a Chinese inscription.38 Kaveripumpattinam Kaveripumpattinam (10o 46’ N; 79o 51’ E) in the district of Tanjavur, Tamil Nadu, the celebrated port city of the illustrious Cōl̤as of the Saṅgam age and also a notable Buddhist centre, is said to have been situated on the confluence of the Kāvēri River and the Bay of Bengal.",apa-IndOc-Gulf-India-Dayalan2019,10,
tamluk,Tamluk,comparandum,Ganges delta,,,,,"Besides textual and inscriptional references, antiquities recovered from Tamluk proper and its vicinity, namely at Ichhapur, Banka and Natshal, all situated on the right bank of the Rupnarayana, such as a gold coin bearing a Graeco-Roman motif, terracotta figurines and pottery pieces of Mediterranean origin, clearly testify to its international character.",apa-IndOc-Gulf-India-Dayalan2019,25,
pattanam,Pattanam,anchor,Kerala,,,,,"ARCHAEOLOGICAL EVIDENCE The importance of Pattanam as a settlement site, unlike the non-occupation (Megalithic burial and coin hoard) sites mentioned above, cannot be overstated.",apa-IndOc-Gulf-India-Tomber2010,32,
pattanam,Pattanam,anchor,Kerala,,,,,"Selvakumar, V, Gopi, PK and Shajan, KP (2005) ‘Trial excavations at Pattanam: a preliminary report’, Journal of the Centre for Heritage Studies 2, 57–66 Selvakumar, V and Shajan, KP (2009) ‘A note on the coins from Pattanam, Kerala’ in SH Jahan (ed), Abhijnan: Studies in South Asian Archaeology and Art History of Artefacts, Felicitating A.K.M.",apa-IndOc-Gulf-India-Tomber2010,41,
myos_hormos,Myos Hormos (Quseir al-Qadim),anchor,Egyptian Red Sea,,,,,"And it was in Epeiph 28th AD 62 that 3 ¼ talents – probably in Roman coins – were delivered in Myos Hormos, apparently for export to India44.",apa-IndOc-Gulf-IndiaTrade-Romanis2013,19,
barygaza,Barygaza (Bharuch),anchor,Gujarat,31.57,percent,exact,,"Roman coins and silverware are mentioned among Roman exports to Barygaza: Periplus Maris Erythraei 49. 45 1,398 denarii, 369 Augustus, CL CAESARES type; 1,029 Tiberius, PONTIF MAXIM type. 46 Out of 5,656 identified denarii 1,786 (31.57%) belong to that issue; 114 (2%) to other Augustan types; and 324 (5.72%) are unspecified Augustan.",apa-IndOc-Gulf-IndiaTrade-Romanis2013,19,
barygaza,Barygaza (Bharuch),anchor,Gujarat,2.0,percent,exact,,"Roman coins and silverware are mentioned among Roman exports to Barygaza: Periplus Maris Erythraei 49. 45 1,398 denarii, 369 Augustus, CL CAESARES type; 1,029 Tiberius, PONTIF MAXIM type. 46 Out of 5,656 identified denarii 1,786 (31.57%) belong to that issue; 114 (2%) to other Augustan types; and 324 (5.72%) are unspecified Augustan.",apa-IndOc-Gulf-IndiaTrade-Romanis2013,19,
barygaza,Barygaza (Bharuch),anchor,Gujarat,5.72,percent,exact,,"Roman coins and silverware are mentioned among Roman exports to Barygaza: Periplus Maris Erythraei 49. 45 1,398 denarii, 369 Augustus, CL CAESARES type; 1,029 Tiberius, PONTIF MAXIM type. 46 Out of 5,656 identified denarii 1,786 (31.57%) belong to that issue; 114 (2%) to other Augustan types; and 324 (5.72%) are unspecified Augustan.",apa-IndOc-Gulf-IndiaTrade-Romanis2013,19,
arikamedu,Arikamedu,anchor,Coromandel,,,,,"BERGHAUS, “Three Denarii of Tiberius from Arikamedu”, in Indian Numismatics.",apa-IndOc-Gulf-IndiaTrade-Romanis2013,34,
myos_hormos,Myos Hormos (Quseir al-Qadim),anchor,Egyptian Red Sea,,,,Y,"Myos Hormos is also likely to have been a Ptolemaic settlement, but apart from a few Hellenistic coins, no other traces from this period have been identiﬁed (Peacock and Blue 2006, 2011, p. 345).",apa-IndOc-Gulf-IndianOcean-Seland2014,16,
ed_dur,ed-Dur,comparandum,Gulf,,,,,"International contacts in the southern Persian Gulf in the late 1st century BC/1st century AD: Numismatic evidence from Ed-Dur (Emirate of Umm Al-Qaiwain, UAE).",apa-IndOc-Gulf-IndianOcean-Seland2014,26,
mafia,Mafia Island,candidate,East Africa,,,,Y,"Unknown [5]) x four structural remains: 18th–19th c. ad Christie (2010) x Kua Ruins, Juani x Buildings surveys x Record of settlement Maritime and Underwater Cultural Heritage (2012) x Kisimani Mafia x Systematic walkover surveys (foreshore and inter-tidal); x Sub-surface transect surveys x Local pottery x Imported ceramics (including Sgaffiato) x Foreign coins x Structural remains (additional to those reported by Chittick (1961) x Keel (reportedly left in situ following inundation) x Two large circular stones (fun",apa-IndOc-Gulf-Mafia-Christie2017,2,
mafia,Mafia Island,candidate,East Africa,,,,,"While both sites have traded items in their deposits, Kisimani Mafia seemingly played a more active role in international exchange networks, with greater abundance of coins, imported pottery and beads among other items (Chittick 1961;",apa-IndOc-Gulf-Mafia-Christie2017,4,
kilwa,Kilwa,comparandum,East Africa,,,,,"On the basis of imported glazed pottery and Kilwa coins, the lowermost cultural layer was dated to the 13th century CE [Ibid].",apa-IndOc-Gulf-Mafia-Ryano2021,2,
kilwa,Kilwa,comparandum,East Africa,,,,,Coins minted by the Kilwa sultanate spread all the way to southern Africa and the Middle East.,apa-IndOc-Gulf-Rhapta-Chami2002,16,
kilwa,Kilwa,comparandum,East Africa,,,,,Coins of Kilwa made from about 1200 to 1400 (Chittick 1974)3 bore Arabic inscriptions.,apa-IndOc-Gulf-Rhapta-Chami2002,16,
sopara,Sopara,comparandum,Konkan,,,,,"The Buddha stupa site of Sopara, locally known as Buruda Rajacha Kot, was excavated by Bhagwanlal Indraji in 1882 and yielded a large stone coffer within a brick building chamber with 8 metal images of Buddha including Maitreya Buddha, a copper casket with stones, gold 9owers and scented powder, jewelry, relics such as begging bowl and a silver coin of Gautamiputra Satkarni (1st century CE). 8th Ashokan Edict Firefox https://www.indictoday.com/research/sopara-ancient-port-trade-center-tee... 12 of 29 23-03-2021, 19",apa-IndOc-Gulf-Sopara-Shah2020,12,
sopara,Sopara,comparandum,Konkan,,,,,"In 1956, fragments of the 9th edict of Asoka were found by a little boy from Bhuigaon (A.Ghosh: ASI:1993) Anwar Munshi (1972) found a number of Satavahana lead coins at Sopara.",apa-IndOc-Gulf-Sopara-Shah2020,13,
sumhuram,Sumhuram (Khor Rori),anchor,South Arabia,47,blanks,exact,,"46 47 as blanks ready for striking and as a high concentration of coins with Sumhuram written on them, could indeed be conirmation of coin manufacture on site.",apa-IndOc-Gulf-Sumhuram-Avanzini2011,24,
sumhuram,Sumhuram (Khor Rori),anchor,South Arabia,,,,,The debated question of the existence of a mint at Sumhuram has also been tackled.,apa-IndOc-Gulf-Sumhuram-Avanzini2011,34,
sumhuram,Sumhuram (Khor Rori),anchor,South Arabia,,,,,"These coins display, on the obverse, the Hadrami monogram representing the name S2qr (the name of the royal residence in Shabwa) on the reverse side a different monogram which should be deciphered as “Sumhuram” (Robin in Sedov 2005), name interpretable as the mint-name or as the name of the king who struck the coins.",apa-IndOc-Gulf-Sumhuram-Avanzini2011,37,
sumhuram,Sumhuram (Khor Rori),anchor,South Arabia,,,,Y,"Following this interpretation, the “Type 3” coinage series could be a provincial coinage minted not in the Hadramawt kingdom capital (Shabwa) but in Sumhuram.  “Type 3” coins show peculiar compositions, different from all other investigated coins, since they are made of a copper matrix containing signiicant amounts of nickel (generally >1wt%), cobalt and iron with dispersed Cu-Fe sulphides (ig. 9).",apa-IndOc-Gulf-Sumhuram-Avanzini2011,37,
sumhuram,Sumhuram (Khor Rori),anchor,South Arabia,,,,,"This feature possibly indicates that a different type of copper ore was used for these coins: if this is true, one cannot exclude that coinage was made in a different mint, i.e. at Sumhuram!",apa-IndOc-Gulf-Sumhuram-Avanzini2011,37,
sumhuram,Sumhuram (Khor Rori),anchor,South Arabia,,,,,Coins and coinage (?) at Sumhuram The recovery of about 1300 coin-blanks during the irst excavations at Sumhuram in the 50’s of past century (Albright 1982) led this author to suggest that a mint existed there in pre-Islamic times.,apa-IndOc-Gulf-Sumhuram-Avanzini2011,37,
sumhuram,Sumhuram (Khor Rori),anchor,South Arabia,600,coins,approximate,,"The “mint hypothesis” gained further support from the more recent discovery of some 600 coins during excavations at Sumhuram by IMTO (Avanzini, Sedov 2005;",apa-IndOc-Gulf-Sumhuram-Avanzini2011,37,
sumhuram,Sumhuram (Khor Rori),anchor,South Arabia,,,,,"Sedov (The State Museum of Oriental Art, Moscow), aimed to get information on production techniques and type(s) of alloys used for coins found at Sumhuram, as well as to shed some light (if possible) on the old vexed question of the mint.",apa-IndOc-Gulf-Sumhuram-Avanzini2011,37,
sumhuram,Sumhuram (Khor Rori),anchor,South Arabia,19,coins,exact,,"Therefore we selected for minero-chemical analyses 19 coins coming from Sumhuram excavations and belonging to different chronological and stylistic series of the Hadramawt and Himyarite kingdoms (ig. 8); in addition, 10 coins from the same stylistic series coming from Kane (Yemen) were chosen for comparison.",apa-IndOc-Gulf-Sumhuram-Avanzini2011,37,
sumhuram,Sumhuram (Khor Rori),anchor,South Arabia,,,,Y,"The reported occurrence of a large number of coin blanks, together with the peculiar Ni (±Co,Fe)rich composition of “Type 3” copper coins, bearing the Sumhuram monogram, could support the hypothesis of the existence of a mint in Sumhuram, although no metal residue in excavated crucibles matches this chemical signature.",apa-IndOc-Gulf-Sumhuram-Avanzini2011,38,
sumhuram,Sumhuram (Khor Rori),anchor,South Arabia,,,,,"Chiarantini L., Benvenuti M., Costagliola P., Avanzini A., Preliminary investigation of  slags, crucibles and coins from of  the pre-Islamic site of Sumhuram, Dhofar region (Oman).",apa-IndOc-Gulf-Sumhuram-Avanzini2011,39,
sumhuram,Sumhuram (Khor Rori),anchor,South Arabia,,,,,"Sedov A.V., The coins from Sumhuram: the 1997-2000 seasons, in A.",apa-IndOc-Gulf-Sumhuram-Avanzini2011,40,
sumhuram,Sumhuram (Khor Rori),anchor,South Arabia,,,,,"V., The coins from Sumhuram: the 2001A-2004A seasons.",apa-IndOc-Gulf-Sumhuram-Avanzini2011,40,
sumhuram,Sumhuram (Khor Rori),anchor,South Arabia,,,,Y,"At this juncture, the new commercial trajectories seem to be more oriented towards India’s northwestern coast evidence of which, in Sumhuram, is seen not only in the pottery but also by the coins unearthed.",apa-IndOc-Gulf-Sumhuram-Avanzini2011,52,
barygaza,Barygaza (Bharuch),anchor,Gujarat,,,,,"The coin of King Kaniskha I and one of Abhiraka, Satrap of Barygaza, are the only Indian coins discovered in whole Arabian peninsula.",apa-IndOc-Gulf-Sumhuram-Avanzini2011,52,
sumhuram,Sumhuram (Khor Rori),anchor,South Arabia,,,,,"The relations that Sumhuram had with the sites of the Gulf can be seen in the prestigious ceramic tableware, large storage vessels and also coins and artefacts.",apa-IndOc-Gulf-Sumhuram-Avanzini2011,53,
sumhuram,Sumhuram (Khor Rori),anchor,South Arabia,,,,,"Consequently, we argue that bronze trade lourished at the ports of Hadramawt, Kana and Moscha limén: they probably manufactured bronze coins and imported copper and tin.",apa-IndOc-Gulf-Sumhuram-Avanzini2011,60,
unguja_ukuu,Unguja Ukuu (Zanzibar),candidate,East Africa,,,,,Chittick’s (1966) article was based on surface collections and the account of the fortuitous discovery of 8th century Muslim gold coins at Unguja Ukuu in 1866 (Pearce 1920).,apa-IndOc-Gulf-Zanzibar-Juma2004,19,
kilwa,Kilwa,comparandum,East Africa,,,,,Other indications corroborating the probable dynastic link between Tumbatu and Kilwa are based on architectural and numismatic evidence.,apa-IndOc-Gulf-Zanzibar-Juma2004,21,
kilwa,Kilwa,comparandum,East Africa,,,,,"The regal architecture “Mahdali” at Kilwa is traceable at Tumbatu (Horton 1989) and finds of coinage associated with Kilwa Sultans often occur in contemporary hoards of copper coins considered to be of Zanzibar origin (Freeman-Grenville 1957, 1963;",apa-IndOc-Gulf-Zanzibar-Juma2004,21,
rufiji,Rufiji delta,candidate,East Africa,,,,,"This site may be anywhere between the Rufiji delta area, where ancient trade goods including Roman beads have been excavated and further north, where a number of fortuitous discoveries of early Roman coins have been made so far.",apa-IndOc-Gulf-Zanzibar-Juma2004,24,
unguja_ukuu,Unguja Ukuu (Zanzibar),candidate,East Africa,,,,,"A few points checked revealed uninteresting modern objects with the exception of two coins, one is a quarter fragment of a Chinese bronze coin (see page 140) from the North Song period (960– 1126 AD) and the other is a copper coin of Zanzibar Sultan Barghash bn Said (1870–1888 AD). 4.3.6 Results of the surveys Field walking was aimed to inspect traces of early occupation and focused the outlying areas of the site within the relatively large patch of sandy soils at Unguja Ukuu.",apa-IndOc-Gulf-Zanzibar-Juma2004,62,
mafia,Mafia Island,candidate,East Africa,,,,,"These earliest known variety of Swahili coins, also reported at other important sites on the east African coast such as Kilwa, Mafia, Shanga in the Lamu archipelago, and kg freq.% kg per m3 Period Ia 58 54.2 7 Period Ib 25 23.4 3 Period IIa 24 22.4 7 Total 107 17 Fig. 7.4.3.",apa-IndOc-Gulf-Zanzibar-Juma2004,137,
unguja_ukuu,Unguja Ukuu (Zanzibar),candidate,East Africa,,,,,Bahram bn Ali and Muhammad bn Is haq are the recurring names in these silver coins from Unguja Ukuu and also from other Zanzibar collections of the old coinage.,apa-IndOc-Gulf-Zanzibar-Juma2004,143,
unguja_ukuu,Unguja Ukuu (Zanzibar),candidate,East Africa,,,,,The silver coins discussed from Unguja Ukuu date from Period IIa and are found in association with fragments of sgraffiato pottery from this site.,apa-IndOc-Gulf-Zanzibar-Juma2004,143,
kilwa,Kilwa,comparandum,East Africa,,,,,"Such variety of coinage has great similarity to those known from other sites on the east African coast such as Tumbatu and Kilwa, and are therefore likely to belong to Period IIa.",apa-IndOc-Gulf-Zanzibar-Juma2004,143,
unguja_ukuu,Unguja Ukuu (Zanzibar),candidate,East Africa,,,,,"This must have overtly distinguished Unguja Ukuu as a seat of urban conduct with an aggregation of buildings, groups of immigrants bringing in the old coinage, a market for subsistence resources from the periphery, and providing services to the population within the site territory and beyond.",apa-IndOc-Gulf-Zanzibar-Juma2004,153,
unguja_ukuu,Unguja Ukuu (Zanzibar),candidate,East Africa,,,,,Unguja Ukuu is the second site in Zanzibar where silver coins have been found.,apa-IndOc-Gulf-Zanzibar-Juma2004,154,
unguja_ukuu,Unguja Ukuu (Zanzibar),candidate,East Africa,,,,,Formal currency was used; the previously reported foreign gold coins dating to this period at Unguja Ukuu provide the testimony.,apa-IndOc-Gulf-Zanzibar-Juma2004,159,
kilwa,Kilwa,comparandum,East Africa,,,,,The History and Coinage of the Sultans of Kilwa.,apa-IndOc-Gulf-Zanzibar-Juma2004,168,
adulis,Adulis,anchor,East African Red Sea,,,,,Adulis in the written sources: the exported products Periplus Maris Erythraei Nonnosus and Philostorgius 1st c AD 6thc AD Egyptian textiles Sandal wood Glass Copper Silk Metal vessels Iron lron tools Roman coins Wine Olive oil | UNIVERSITA DI NAPOLI ~4 LORIENTALE C.,apa-RedSea-Adulis-Zazzaro2021,5,
aynuna,Aynuna / Khuraybah,candidate,NW Arabia,,,,,"This paper presents the evidence for a Nabataean presence in the 1st century BC and the 1st century AD, such as coins, an inscription and an aqueduct. À l’entrée du golfe d’Aqaba, une large baie protégée par un récif de corail abrite aujourd’hui un petit port de pêcheurs appelé al‑Khuraybah, « la petite ruine » (fig. 1‑2). À quelque 3 km de la côte, on trouve deux sites voisins situés au bord du Ouadi Aynouna.",apa-RedSea-Aynuna-Gawlikowski2022,1,
petra,Petra,comparandum,Nabataea,,,,,"Augé, « Coin circulation in early Petra : a summary », dans M.",apa-RedSea-Aynuna-Gawlikowski2022,9,
egra,Hegra / Egra Kome,comparandum,NW Arabia,,,,,"Bauzou, « The owls of Hegra, a Hellenistic‑period coinage from Hijâz.",apa-RedSea-Aynuna-Gawlikowski2022,9,
berenike,Berenike,anchor,Egyptian Red Sea,,,,Y,"Excavations over the years have documented extensive botanical, artifactual and limited written and numismatic evidence for contacts with South Asia if not the presence of South Asians from India and Sri Lanka at Berenike.",apa-RedSea-Berenike-Sidebotham2020,12,
myos_hormos,Myos Hormos (Quseir al-Qadim),anchor,Egyptian Red Sea,,,,,"Ancient Coins from Quseir al-Qadim: The Oriental Institute, University of Chicago Excavations 1978, 1980 and 1982.",apa-RedSea-MyosHormos-PeacockandBlue2011,6,
myos_hormos,Myos Hormos (Quseir al-Qadim),anchor,Egyptian Red Sea,,,,,"The painted sherds, in particular, point to the delicate and exotic material reaching the site. ,VODPLFJODVVLVFRPSDUDWLYHO\UDUHZLWKWKHH[FHSWLRQRI JODVVEDQJOHV7KHVHDUHFRQFHQWUDWHGQHDUWKHFHPHWHU\ DQG LW LV DUJXHG WKDW WKH\ PD\ KDYH EHHQ EURNHQ LQ D PRXUQLQJFHUHPRQ\ Coins were neither numerous nor well preserved, but in Chapter 8, David Peacock describes the few that could Figure 1.1 Location of Myos Hormos/Quseir al-Qadim on the Egyptian Red Sea coast.",apa-RedSea-MyosHormos-PeacockandBlue2011,9,
myos_hormos,Myos Hormos (Quseir al-Qadim),anchor,Egyptian Red Sea,,,,,"Secondly, they are mostly very worn and were clearly in circulation for a very long time: it seems that Myos Hormos was starved of newly minted issues, which in turn might suggest that their main function was to facilitate internal transactions rather than being a medium for long distance trade.",apa-RedSea-MyosHormos-PeacockandBlue2011,92,
alagankulam,Alagankulam,comparandum,Coromandel,,,,,Such vessels were certainly in use in the Mediterranean at this time (for H[DPSOHVVHH&DVVRQ¿JDQG(YLGHQFH from this period on Southern-Indian coinage shows vessels ULJJHGZLWKWZRPDVWV(OOLRWSO¿JSO ¿JDVGRHVDFRQWHPSRUDU\JUDI¿WRRQDSRWWHU\VKHUG from the Indian port of Alagankulam in Tamil Nadu (Rajan ¿JE6ULGKDU¿JSO7FKHUQLD 1998).,apa-RedSea-MyosHormos-PeacockandBlue2011,202,
myos_hormos,Myos Hormos (Quseir al-Qadim),anchor,Egyptian Red Sea,,,,,I acknowledge to have received from you here in Myos Hormos a loan of 200 drachmas of silver coinage of the emperor bearing interest at the rate of one stater per mina monthly - - until the ... of the month Mesore ... 1 5 10 Figure 23.1.,apa-RedSea-MyosHormos-PeacockandBlue2011,343,
berenike,Berenike,anchor,Egyptian Red Sea,,,,,"Ed è proprio a Berenice che gli elefanti erano trasportati via mare dalle aree a Sud del Regno d’Egitto, partendo dal porto di Tolemaide Theron, città che deve il suo toponimo al suo coinvolgimento nel commercio di animali selvaggi.51 Da Bere42  Si veda la rassegna operata da Cohen 2006, 315-316. 43  Plin., Nat.",apa-RedSea-RedSea-Nappo2018,27,
aila,Aila (Aqaba),comparandum,Northern Red Sea,,,,,"MacDonald 1994, 134-135. 102  Per maggiori informazioni sul coinvolgimento dei Parti nei commerci in quest’area, si veda Potts 1996, 269-285. 103  Da notare il silenzio del Periplus su Aila, mentre il solo Strabone fa esplicito riferimento al commercio di spezie provenienti dall’Arabia (Strab., XVI, 2, 30 e XVI, 4, 4).",apa-RedSea-RedSea-Nappo2018,36,
berenike,Berenike,anchor,Egyptian Red Sea,,,,,Il geografo inizia la sua narrazione parlando di Berenice e del suo coinvolgimento nei traffici internazionali.,apa-RedSea-RedSea-Nappo2018,45,
myos_hormos,Myos Hormos (Quseir al-Qadim),anchor,Egyptian Red Sea,,,,,"In conclusione, possiamo affermare che Strabone certamente condivideva l’opinione dell’anonimo autore del Periplus, secondo cui Myos Hormos e Berenice erano gli unici due porti egiziani significativamente coinvolti nel commercio internazionale con l’India.",apa-RedSea-RedSea-Nappo2018,45,
berenike,Berenike,anchor,Egyptian Red Sea,41.0,percent,exact,,"Di tutto il corpus numismatico rinvenuto a Berenice tra il 1994 e il 2001 (prima fase delle campagne di scavo del Sidebotham) e il 2009-2010 (ripresa delle attività di scavo a opera di una nuova missione), circa il 41% di quello identificabile è databile al periodo tra Augusto e la dinastia flavia, con un picco nel periodo tra Claudio e Domiziano.",apa-RedSea-RedSea-Nappo2018,53,
charax,Charax Spasinou,comparandum,Mesopotamia,,,,,"Una suggestione potrebbe essere pensare che essi avessero fornito un supporto logistico proprio ai mercanti per affrontare il pur difficile viaggio da Spasinou Charax a Palmira,386 così come i loro colleghi arabarchi erano probabilmente coinvolti nella gestione del supporto logistico ai mercanti che attraversavano il deserto orientale egiziano.",apa-RedSea-RedSea-Nappo2018,107,
aila,Aila (Aqaba),comparandum,Northern Red Sea,,,,,"L’età tardoantica (IV-VI secolo) 119 Per quanto riguarda il primo ambito, quello militare, va ricordato che fu in seguito alla campagna militare di Traiano e la conseguente annessione del regno di Nabatea nel 106, che la città divenne parte dell’impero e diventò terminale della via Nova Traiana.431 Successivamente, va menzionata la testimonianza di Eusebio di Cesarea, il quale ricorda come la grande riorganizzazione militare di epoca tetrarchica non abbia mancato di coinvolgere Aila.",apa-RedSea-RedSea-Nappo2018,121,
berenike,Berenike,anchor,Egyptian Red Sea,,,,,"Più a Sud, Berenice, dopo una parentesi difficile che coincide solo in parte con il III secolo, conobbe un consistente rilancio e vide la sua prosperità crescere e mantenersi fino al VI secolo inoltrato.",apa-RedSea-RedSea-Nappo2018,164,
aksum,Aksum,comparandum,Ethiopian highlands,,,,,"Per comprendere i forti legami commerciali tra Costantinopoli e Axum, oltre alla esplicita testimonianza di Cosmas Indicopleustes, vale la pena di ricordare come le analisi numismatiche abbiano rilevato che la monetazione axumita sia una stretta imitazione di quella romana, per quanto concerne tipi monetali e peso.626 Proprio la forte integrazione dello Stato axumita all’Impero fa intuire che tra V e VI secolo Costantinopoli arrivò a controllare, in maniera più o meno diretta, un’amplissima porzione del Mar Rosso s",apa-RedSea-RedSea-Nappo2018,169,
myos_hormos,Myos Hormos (Quseir al-Qadim),anchor,Egyptian Red Sea,,,,,"Abbiamo visto che i fondamenti su cui si basa la tradizionale interpretazione di questo periodo non sono solidi: la supposta inflazione, la mancanza di monete romane di III secolo in India, l’abbandono di Myos Hormos e la distruzione di Coptos, tutti questi fenomeni non sembrano dare ragione di quanto accade nel Mar Rosso.",apa-RedSea-RedSea-Nappo2018,197,
aksum,Aksum,comparandum,Ethiopian highlands,,,,,"Ongoing excavations suggest it may have been before the 3rd century, but it is most common from the 3rd century and particularly during the late Roman period, coinciding with Aksum’s rise as an international power and the beginning of Aksumite coinage.",apa-RedSea-RedSea-Tomber2012,4,
