site_key,periplus_horizon,what_was_found,site_coins,source
aynuna,yes,"Nabataean harbour installations, a large storehouse and two cemeteries; excavated 2014-18","25 excavated coins, 24 bronze, Obodas III to Tiberius, 2nd c. BC - AD 40","Gawlikowski, Juchniewicz & al-Zahrani 2021"
al_wajh,unknown,Never excavated,"no site finds; two nearby hoards of 3 late nummi each, AD 295 and AD 327",CHRE
al_qusayr_arabia,unknown,"Never excavated; 1st-c. ceramics reported from surface observation only",none,disputed_candidates.csv
banbhore,yes,"Scytho-Parthian levels below the Sasanian and Islamic town; Red Polished Ware of the 1st c. BC - 2nd c. AD from the earliest levels. Virgin soil never reached because of water infiltration","Scytho-Parthian coins reported by Khan, not catalogued here","Mughal 2018, Pakistan Archaeology 33; Felici et al."
pattanam,yes,"6,029 Roman amphora sherds, 122 terra sigillata, 3,098 torpedo jar, 8,534 Rouletted Ware, 1,338 glass fragments, 38,718 glass beads; 9 seasons 2007-15","98 coins excavated; 3 Roman hoards in the vicinity","Cherian 2012; IAR 2008-09"
kodungallur,no,"Excavated 1969-70 at five localities around Cranganore; all material 9th-11th c. Chera, nothing earlier",none recorded,IAR 1969-70 no.18
ponnani,unknown,"Never excavated. The 1978-79 ASI survey of the Ponnani valley, explicitly seeking Roman contact, found only megalithic burials and menhirs",none,IAR 1978-79 no.40
tanur,unknown,Never excavated; absent from 59 years of IAR,none,IAR
kadalundi,unknown,"Surveyed only; Beypore appears once in a Palaeolithic river survey, Chaliyam once for a 1355 AD mosque inscription",none,IAR
koyilandy,unknown,Never excavated; nearby rock-cut caves with megalithic Black-and-red Ware,none,IAR 1962-63
niranam,unknown,Never excavated; absent from 59 years of IAR,none,IAR
kottayam_kerala,unknown,Never excavated at the town,none,IAR
kollam,no,"Excavation has addressed the medieval port only; no Periplus-horizon deposit published",none,IAR
neendakara,unknown,Never excavated; absent from 59 years of IAR,none,IAR
purakkad,unknown,Never excavated; absent from 59 years of IAR,none,IAR
kallada,unknown,"Never excavated; one IAR notice of a neolithic axe in the river basin",none,IAR 2006-07
thevalakara,unknown,Never excavated; absent from 59 years of IAR,none,IAR
rufiji,contested,"Test excavations by Chami; Roman glass beads reported from the delta, stratigraphy disputed",none,Chami 1999
mafia,contested,"Cave deposits and reported submerged structures; dating contested",medieval coins at Kisimani Mafia,Christie 2017; Chittick
unguja_ukuu,no,"Swahili settlement from the 6th-7th c., later than the Periplus; daub houses, imported ceramics","8th-c. Muslim gold, Period IIa silver, a Chinese Northern Song bronze","Juma 2004; Fitton & Wynne-Jones 2017"
fukuchani,no,Test trenches; early Swahili occupation thinly published,none,Horton; Crowther
pangani,unknown,Never excavated for this period,none,—
dar_es_salaam,unknown,Never excavated for this period,none,—
