port,candidate,lat,lon,proposed_by,note
Leukē Kōmē,Aynuna / Khuraybah,28.100,35.210,"Saudi-Polish excavations (2014-18); Nappo","current consensus; Nabataean trade factory excavated"
Leukē Kōmē,Al-Wajh,26.240,36.460,"earlier topographic/literary arguments","favoured on sailing-distance grounds"
Leukē Kōmē,Al-Qusayr (Wadi al-Hamd),25.900,36.600,"minority proposal","1st-c. ceramics but no fortified elements"
Barbarikon,Banbhore / Bhambore,24.750,67.530,"Cunningham (19th c.); majority view","~30 km inland of the modern shoreline"
Barbarikon,Copeland model position,24.860,67.010,"Copeland (2026)","coordinate used in the sailing model"
Barbarikon,Barchi gazetteer position,24.924,69.022,"Barchi / Pleiades","203 km east of Copeland's point"
Rhapta,Rufiji delta mouth,-7.900,39.330,"Chittick; Chami","Roman-era material on the mainland delta"
Rhapta,NW Mafia Island (submerged),-7.800,39.750,"Chami; underwater survey","submerged wall structures, transoceanic pottery"
Rhapta,Pangani river mouth,-5.430,38.980,"Mathew (1970s)","river size and the coastal bend in the text"
Rhapta,Dar es Salaam environs,-6.820,39.280,"one of Datoo's three localities","Datoo delimits a locality, not a site"
Tyndis,Ponnani,10.767,75.925,"common identification; Copeland's point","~92 km (500 stadia) north of Muziris"
Tyndis,Tanur,10.977,75.867,"tentative, some scholars",""
Tyndis,Kadalundi / Beypore / Chaliyam,11.130,75.830,"regional identification",""
Tyndis,Koyilandy (Panthalayani Kollam),11.440,75.690,"some historians","one of the oldest ports in South India"
Nelkunda,Niranam,9.270,76.560,"Casson (1989)","on the river Pirakkad"
Nelkunda,Kottayam (R. Minachal),9.592,76.522,"Schoff (1912)",""
Nelkunda,Kollam / Quilon,8.890,76.590,"older identification",""
Nelkunda,Neendakara,8.940,76.540,"minority proposal",""
Bakarē,Purakkad / Pirakkad,9.360,76.390,"Schoff (1912)","on the river Pambiyar"
Bakarē,Kallada,9.000,76.670,"McCrindle","river of the same name entering the backwater"
Bakarē,Thevalakara,9.000,76.580,"minority proposal",""
Bakarē,Copeland model position,9.595,76.486,"Copeland (2026)","coordinate used in the sailing model"
Leukē Kōmē,Barchi gazetteer position,24.088,38.058,"Barchi / Pleiades","~350 km south of every proposed identification"
Rhapta,Copeland model position,-7.850,39.783,"Copeland (2026)","coordinate used in the sailing model"
Tyndis,Barchi gazetteer position,10.764,75.926,"Barchi / Pleiades","effectively Ponnani"
Nelkunda,Copeland model position,9.325,76.537,"Copeland (2026)","effectively Niranam (Casson)"
