key,kind,from_site,to_site,note
"1,207",leg,Muos Hormos,Berenikē,"first stated leg in the text"
"3,85",leg,Berenikē,Ptolemaïs Thērōn,"stated as cumulative from Berenice"
"4,53",leg,Ptolemaïs Thērōn,Adouli,
"4,243",offset,,,"Mountain Island lies this far seaward of the head of the bay"
"4,691",offset,Adouli,,"Adulis lies this far from the shore"
"4,772",inland,Adouli,Koloē,"overland"
"4,919",inland,Koloē,Axōmite metropolis,"overland"
"5,10",extent,,,"to an unnamed deep bay beyond Adulis"
"7,124",leg,Adouli,Aualitēs,"to the Berber market-towns at the Gulf of Avalites"
"7,1152",leg,Aualitēs,Malaō,"explicitly 'a sail of'"
"9,0",leg,Malaō,Moundou,"stated as 'two days' sail, or three' — a range"
"10,54",leg,Moundou,Mosullon,"stated as 'two days' sail, or three' — a range"
"11,47",leg,Mosullon,Cape Elephas,
"13,19",leg,Tabai,,"to the village of Pano, not in the gazetteer"
"13,94",leg,,,"along a promontory beyond Pano"
"15,244",run,,,"six-day coastal run along the bluffs of Azania, no named endpoints"
"15,334",run,,,"six-day run along the small and great beach"
"15,699",leg,,Menounthias,"two courses of a day and night along the Ausanitic coast"
"15,784",offset,Menounthias,,"island lies this far off the mainland"
"16,0",leg,Menounthias,Rhapta,"the last leg of the western route"
"19,48",leg,Muos Hormos,Leukē Kōmē,"'two or three days' — a range; a target port"
"21,218",extent,Berenikē,Mouza,"cumulative total from Berenice, not a single leg"
"22,0",inland,Mouza,Sauē,"overland"
"23,10",inland,Sauē,Zafar,"overland"
"25,38",leg,Mouza,Okēlis,"to the strait at Bab el-Mandeb"
"25,286",width,,,"length of the strait passage"
"26,108",leg,Okēlis,Eudaimōn Arabia,
"27,81",extent,,,"length of the bay beyond Eudaemon Arabia"
"27,425",offset,Kanē,Isle of Birds,"the two desert islands lie this far off Cana"
"32,97",width,,,"width of the bay of Omana"
"32,211",extent,,,"coastal stretch inhabited by cave-dwellers"
"33,38",leg,Moscha Limen,Asikhōnos,
"33,337",leg,Isles of Zēnobios,Sarapis Island,"sailing well out at sea"
"33,432",offset,Sarapis Island,,"island lies this far off the mainland"
"33,493",width,Sarapis Island,,"width of the island itself"
"34,145",leg,,Kalaiou Isles,"along the coast toward the Persian Gulf"
"35,398",width,,,"width of the Strait of Hormuz"
"36,45",leg,,Ommana,"through the mouth of the Gulf"
"37,355",inland,Hōraia,,"to an inland city, probably Rhambacia"
"41,888",leg,Barbarikon,Astakapra,"to the promontory Papica opposite Barygaza — a constraint on Barbarikon"
"42,262",width,,,"width of the gulf crossed on the way to Barygaza"
"44,547",upriver,Barygaza,,"Barygaza lies this far up the river from the mouth"
"45,148",not_distance,,,"tidal cycle, not a distance"
"51,99",inland,Barygaza,Paithana,"explicitly by wagon, overland"
"51,161",inland,Paithana,Tagara,"explicitly by wagon, overland"
"51,587",extent,,,"whole course to the end of Limyrike, cumulative"
"54,249",leg,Tyndis,Muziris,"'by river and sea' — not a straight line"
"54,302",upriver,Muziris,,"up the river from the shore"
"54,373",leg,Muziris,Nelkunda,"'by river and sea' — not a straight line"
"54,480",upriver,Nelkunda,,"from the sea; pairs with Bakare at the river mouth"
"57,813",practice,,,"ships for Barygaza keep along shore not more than three days"
