site,port,investigators,years,seasons,reached_bottom,depth_note,key_finds,source,verified
Aynuna,Leuke Kome,"Gawlikowski, Juchniewicz, al-Zahrani (Polish Centre of Mediterranean Archaeology / Saudi Commission)",2014-2019,5,unstated,"Harbour installations, a large storehouse (khans), two necropoleis","25 excavated coins (24 bronze, 1 silver), Obodas III to Tiberius, 2nd c. BC - AD 40; Nabataean pottery; inscriptions","Gawlikowski, Juchniewicz & al-Zahrani 2021; Juchniewicz PAM 26/2 2018",Y
Al-Wajh,Leuke Kome,"Ingraham et al. (survey)",1981,1,n/a - survey only,"Extensive archaeological survey, no excavation","NO Nabataean or Roman remains found. Burton reported ruins in 1879; the 1981 survey did not confirm them.","Ingraham et al. 1981: 78, cited in Juchniewicz PAM 26/2 2018: 32",Y
Banbhore,Barbarikon,"F. A. Khan (Pakistan Dept of Archaeology); later Pakistani-Italian-French mission",1958-1966; 2010-,30+,NO,"Virgin soil never reached: heavy water infiltration stopped the trenches","Scytho-Parthian levels below the Sasanian and Islamic town; Red Polished Ware of the 1st c. BC - 2nd c. AD from the earliest levels; Scytho-Parthian coins reported but not catalogued","Felici et al.; Mughal 2018, Pakistan Archaeology 33",Y
Sumhuram,Moscha Limen (anchor),"Avanzini (IMTO); earlier AFSM 1952-53",1997-,25,NO,"Bedrock has not been located under the whole city; deep soundings only. Accumulated deposits have long prevented excavation reaching the earliest levels.","c. 600 coins from IMTO excavations plus c. 1,300 coin blanks from the first campaigns, supporting a mint on site; the blanks have never been analysed","Avanzini 2011; Avanzini 2014",Y
Myos Hormos,anchor,"Whitcomb & Johnson (Chicago); Peacock & Blue (Southampton)",1978-1982; 1999-2003,12,NO,"Ptolemaic occupation suspected 'well below the current water table'","153 coins and one lead token from the Chicago seasons; only 14 coins from 1999-2003 deemed identifiable enough to publish; Roman waterfront of late 1st c. BC - early 3rd c. AD built by reclaiming mangrove swamp","Peacock & Blue 2011; Smagur 2025 JRA",Y
Berenike,anchor,"Sidebotham & Wendrich; later Sidebotham & Zych",1994-2001; 2008-,25,partly,"Bedrock reached in places; Ptolemaic water channels cut into bedrock recorded","115 coins published to date, of which only 16 Ptolemaic; coins from the Ptolemaic fort still unpublished; c. 650 beads and pendants from the 2014-15 seasons","Sidebotham 2020; Then-Obluska PAM 27/1",Y
Xiis,comparandum,"Fernandez et al.",2017-2019,2,n/a,"Surveys and excavations at necropoleis; no systematic research before 2017","Imported material is 99% of all artefacts documented; Roman, Parthian and South Arabian imports of the 1st-3rd c. AD","Fernandez et al. 2022",Y
Pattanam,Muziris,"P. J. Cherian (KCHR) with ASI",2007-2015,9,unstated,"61 trenches, about 1% of the mound; core area 45 ha","6,029 Roman amphora sherds, 122 terra sigillata, 3,098 torpedo jar, 1,527 TGP, 8,534 Rouletted Ware against 3,537,464 local sherds; 98 coins; 38,718 glass beads","Cherian 2012; IAR 2008-09 no.29",Y
Cranganore,Muziris,"K. V. Soundara Rajan, K. V. Raman, N. G. Unnithan (ASI Southern Circle with Kerala Dept)",1969-1970,2,unstated,"Trial digs at five localities: Karuppadana, Kilattali, Mathilakam, Tirukkulasekharapuram, Tiruvanjikulam","All material 9th-11th c. Chera. The following volume records the digs 'had not yielded any tangible evidence'.","IAR 1969-70 no.18; IAR 1970-71 no.26",Y
Ponnani valley,Tyndis,"P. Narayana Babu, M. Raman Namboodiri (ASI Southern Circle)",1978-1979,1,n/a - survey,"Survey of Malappuram and Palghat districts explicitly 'investigating for the sites showing Roman contact in the Ponnani valley'","Megalithic topikal burials at Alancode, Ongallur, Ponumundum, Tennala, Thannairkod, Thavanur; menhirs near Thirunavaya. NO Roman material.","IAR 1978-79 no.40",Y
Malappuram,Tyndis,"K. Chandrasekharan (ASI Southern Circle)",1970-1971,1,n/a - survey,"District exploration","Russet-coated ware on a red-slipped bowl from a laterite rock-cut cave at Kuttippala; umbrella stones, menhirs, urn burials","IAR 1970-71 no.24",Y
Taluk Ponnani,Tyndis,"ASI Southern Circle",1970-1971,1,n/a - survey,"Reported alongside the Cranganore negative result","Russet-coated (wavy line) Painted Ware, which 'overlaps with the megalithic Black-and-red Ware in the early centuries of the Christian era'; the compiler calls it 'of great significance'","IAR 1970-71 no.26",Y
Ptolemais Theron,comparandum,"Seeger, Sidebotham, Harrell, Pons",2004-2006,2,n/a - survey,"Survey; structures of cut ashlar and coral recorded, cisterns cut into limestone bedrock","Sherds and glass bangles from cemeteries","Seeger et al. 2006",Y
