campaign_id,site_key,site_display,port,investigators,institution,year_from,year_to,n_seasons,n_trenches,area_excavated_m2,max_depth_m,volume_m3,sieved,sieve_mesh_mm,reached_virgin_soil,reached_periplus_horizon,targeted_at_port,publication_status,source_file,page,quote,confidence,note
aynuna_2014,aynuna,Aynuna,Leuke Kome,"M. Gawlikowski, K. Juchniewicz, A. al-Zahrani",PCMA Warsaw / Saudi SCTH,2014,2019,5,,,,,,,unstated,yes,yes,full,Gawlikowski-Juchniewicz-al-Zahrani-2021-Aynuna-Nabataean-Port-Red-Sea.pdf,,,high,"Harbour installations, a large storehouse and two necropoleis. Excavated after Nappo 2010 argued for Aynuna, so the campaign is targeted. 25 coins, 24 bronze, 2nd c. BC to AD 40."
al_wajh_1981,al_wajh,Al-Wajh,Leuke Kome,J. Ingraham et al.,Saudi Department of Antiquities,1981,1981,1,,,,,,,n/a - survey,no,no,full,,,,high,"Regional survey, not a targeted test. A TESTED NEGATIVE: the only Roman coins are three nummi of AD 295/6 and three of Constantine I from the 320s, two and a half centuries too late."
al_qusayr_arabia_none,al_qusayr_arabia,Al-Qusayr,Leuke Kome,,,,,0,,,,,,,,unknown,,none,,,,high,Never excavated. First-century ceramics reported from surface observation only.
banbhore_1958,banbhore,Banbhore,Barbarikon,F. A. Khan,Pakistan Department of Archaeology and Museums,1958,1966,9,,,,,,,no,partial,no,preliminary,Felici-et-al-Banbhore-Pakistani-Italian-Excavations.pdf,,"the virgin soil was not reached due to heavy water infiltration, and information on the early stages of life at Banbhore remained incomplete",high,"Excavated as Islamic Daybul, not as Barbarikon, so not targeted at the Periplus port. Trenches stopped at the water table."
banbhore_2010,banbhore,Banbhore,Barbarikon,Pakistani-Italian mission (Felici et al.),ISMEO / Pakistan DOAM,2010,2025,21,,,,,,,no,partial,no,interim,Felici-et-al-Banbhore-Pakistani-Italian-Excavations.pdf,,,medium,Published sequence still dominated by Islamic-period Daybul. Mughal 2018 publishes Red Polished Ware of the 1st c. BC to 2nd c. AD from the earliest reached levels.
pattanam_2007,pattanam,Pattanam,Muziris,P. J. Cherian,KCHR with ASI,2007,2015,9,61,4500,,,,,unstated,yes,yes,interim,Cherian-2011-Pattanam-5th-Season-Field-Report.pdf,,,medium,"The area is derived rather than stated: 'about 1% of the mound' with a core area of 45 ha gives roughly 4,500 sq m. Treat as an order of magnitude. Excavated after Shajan et al. 2004 proposed it, so targeted."
kodungallur_1969,kodungallur,Kodungallur (Cranganore),Muziris,K. V. Soundara Rajan,ASI Southern Circle with Kerala Dept,1969,1970,2,5,,,,,,unstated,no,yes,interim,IAR 1969-70 no.18; IAR 1970-71 no.26,,had not yielded any tangible evidence,high,Dug at five localities precisely because Cranganore was the traditional Muziris. All material 9th-11th c. Chera. A targeted test that failed.
ponnani_1978,ponnani,Ponnani valley,Tyndis,"P. Narayana Babu, M. Raman Namboodiri",ASI Southern Circle,1978,1979,1,,,,,,,n/a - survey,no,yes,interim,IAR 1978-79 no.40,,while investigating for the sites showing Roman contact in the Ponnani valley,high,"A tested negative, and an explicitly targeted one: the survey states it was looking for Roman contact. Found megalithic topikal burials and menhirs, no Roman material. Survey only, no excavation."
tanur_none,tanur,Tanur,Tyndis,,,,,0,,,,,,,,unknown,,none,,,,high,Never excavated; no IAR entry.
kadalundi_1990,kadalundi,Kadalundi,Tyndis,,,1990,2010,2,,,,,,,n/a - survey,unknown,no,preliminary,,,,low,"Survey only. Kadalundi, Beypore and Chaliyam are treated together in the literature and are not cleanly separable in the record."
koyilandy_none,koyilandy,Koyilandy,Tyndis,,,,,0,,,,,,,,unknown,,none,,,,high,"Never excavated. Panthalayani Kollam: heritage studies exist, no Roman-period fieldwork."
niranam_none,niranam,Niranam,Nelkynda,,,,,0,,,,,,,,unknown,,none,,,,high,Never excavated; zero appearances across 59 years of Indian Archaeology: A Review. Casson's identification
kottayam_kerala_none,kottayam_kerala,Kottayam,Nelkynda,,,,,0,,,,,,,,unknown,,none,,,,high,Never excavated; zero appearances across 59 years of Indian Archaeology: A Review. Schoff's identification
neendakara_none,neendakara,Neendakara,Nelkynda,,,,,0,,,,,,,,unknown,,none,,,,high,Never excavated; zero appearances across 59 years of Indian Archaeology: A Review.
kollam_1969,kollam,Kollam (Quilon),Nelkynda,,,1969,2015,3,,,,,,,unstated,no,no,interim,,,,medium,"Excavation has addressed the medieval port, not a Periplus-period horizon. Living town over the site."
purakkad_none,purakkad,Purakkad,Bakare,,,,,0,,,,,,,,unknown,,none,,,,high,Schoff's identification for Bakare. Zero appearances in IAR.
kallada_none,kallada,Kallada,Bakare,,,,,0,,,,,,,,unknown,,none,,,,high,"McCrindle's identification for Bakare. One IAR appearance, for a neolithic axe."
thevalakara_none,thevalakara,Thevalakara,Bakare,,,,,0,,,,,,,,unknown,,none,,,,high,Zero appearances in IAR.
rufiji_1994,rufiji,Rufiji delta,Rhapta,F. Chami,University of Dar es Salaam,1994,2005,5,,,,,,,unstated,contested,yes,interim,,,,medium,Targeted: Chami excavated looking for Rhapta. Reports Roman glass beads; the stratigraphy and identification are contested.
mafia_1999,mafia,Mafia Island,Rhapta,F. Chami; A. Christie; A. Crowther,,1999,2016,5,,,,,,,unstated,contested,yes,interim,,,,medium,Cave deposits and reported submerged structures; dating contested.
unguja_ukuu_1984,unguja_ukuu,Unguja Ukuu,Rhapta,A. Juma; M. Horton; A. Crowther,,1984,2016,8,,,,,,,unstated,no,no,full,,,,high,"Occupation begins c. 6th-7th c. AD, already too late for the Periplus. Excavated as a Swahili site, not as Rhapta."
fukuchani_2011,fukuchani,Fukuchani,Rhapta,M. Horton; A. Crowther,,2011,2013,2,,,,,,,unstated,partial,no,preliminary,,,,low,Early occupation reported but thinly published.
pangani_none,pangani,Pangani,Rhapta,,,,,0,,,,,,,,unknown,,none,,,,high,Proposed for Rhapta by Mathew on topographic grounds.
dar_es_salaam_none,dar_es_salaam,Dar es Salaam,Rhapta,,,,,0,,,,,,,,unknown,,none,,,,high,One of Datoo's localities; no relevant excavation traced. Founded in the 1860s.
berenike_1994,berenike,Berenike,anchor,"S. E. Sidebotham, W. Z. Wendrich",Delaware / Leiden / UCLA,1994,2000,7,,,,,,,partly,yes,no,full,Sidebotham-Wendrich-2007-Berenike-1999-2000-Report-on-the-Excavations.pdf,201,"Seven seasons of excavation at Berenike have produced 522 coins, one medallion",high,Few Ptolemaic levels reached as of 2000. Trench list at Table 2-1.
shenshef_1999,shenshef,Shenshef,comparandum,"S. E. Sidebotham, W. Z. Wendrich",,1999,1999,1,,,,,,,,,no,full,Sidebotham-Wendrich-2007-Berenike-1999-2000-Report-on-the-Excavations.pdf,201,19 coins from one season of excavation at Shenshef,high,Hinterland comparandum: 19 coins in one season.
wadi_kalalat_1998,wadi_kalalat,Wadi Kalalat praesidium,comparandum,A. E. Haeckl,,1998,2000,2,,,,,,,,,no,full,Sidebotham-Wendrich-2007-Berenike-1999-2000-Report-on-the-Excavations.pdf,201,one coin from two seasons of excavation in the large fort (praesidium) in Wadi Kalalat,high,"A garrison post, not a port: one coin in two seasons. The contrast with Berenike's 522 is the clearest statement in the corpus that coin yield tracks site function."
