name,district,iar_volume,what_was_found,port,lat,lon,geocode_status,nominatim_display_name
Mathilakam,Thrissur,1969-70,excavation; 9th-11th c. Chera,Muziris,10.288246,76.169384,district match,"Mathilakam, Kodungallur, Thrissur, Kerala, 680685, India"
Thiruvanchikulam,Thrissur,1969-70,excavation; 9th-11th c. Chera,Muziris,10.21026,76.2039822,district match,"Thiruvanchikulam, Lokamaleswaram, Kodungallur, Thrissur, Kerala, 680677, India"
Thrikkulasekharapuram,Thrissur,1969-70,excavation; 9th-11th c. Chera,Muziris,,,no result,
Karupadanna,Thrissur,1969-70,excavation; 9th-11th c. Chera,Muziris,10.262655,76.202009,district match,"Karupadanna, Karuppadanna, Mukundapuram, Thrissur, Kerala, India"
Kodungallur,Thrissur,1969-70,excavation; 9th-11th c. Chera,Muziris,10.2276837,76.1971531,district match,"Kodungallur, Thrissur, Kerala, 680664, India"
Ongallur,Palakkad,1978-79,megalithic topikal burials,Tyndis,10.8028531,76.2186172,district match,"Ongallur, Pattambi, Palakkad, Kerala, 679313, India"
Thennala,Malappuram,1978-79,megalithic topikal burials,Tyndis,10.9952944,75.9338746,district match,"Thennala, Thennala West bazar, Tirurangadi, Malappuram, Kerala, India"
Thavanur,Malappuram,1978-79,megalithic topikal burials,Tyndis,10.8072365,76.0037883,district match,"Thavanur, Pottur, Ponnani, Malappuram, Kerala, India"
Thirunavaya,Malappuram,1978-79,menhirs,Tyndis,10.8883696,75.9872963,district match,"Thirunavaya, Vairankode, Tirur, Malappuram, Kerala, 676301, India"
Alanallur,Palakkad,1978-79,megalithic topikal burials,Tyndis,11.0111908,76.3467061,district match,"Alanallur, Melattur - Mannarkad Highway, Kanjirampara, Alanallur village 1, Mannarkad, Palakkad, Kerala, 679326, India"
Ponnani,Malappuram,1978-79,survey area (Ponnani valley),Tyndis,10.7800691,75.9189338,district match,"Ponnani, Malappuram, Kerala, 679577, India"
Kuttippuram,Malappuram,1976-77,"microliths, river terrace",Tyndis,10.845624,76.0336891,district match,"Kuttippuram, Railway Station Road, Panikar Colony, Kuttippuram, Tirur, Malappuram, Kerala, 679571, India"
Pattambi,Palakkad,1970-71,Russet-coated Painted Ware area,Tyndis,10.8048616,76.1780161,district match,"Pattambi, Palakkad, Kerala, 679303, India"
Triprangode,Malappuram,1962-63,"rock-cut caves, megalithic BRW",Tyndis,10.8504153,75.9507164,district match,"Triprangode, Tirur, Malappuram, Kerala, India"
Koyilandy,Kozhikode,-,"candidate, no recorded fieldwork",Tyndis,11.4383564,75.696891,district match,"Koyilandy, Koyilandi, Kozhikode, Kerala, 673300, India"
Tanur,Malappuram,-,"candidate, no recorded fieldwork",Tyndis,10.9783391,75.8763569,district match,"Tanur, Tirur, Malappuram, Kerala, 676302, India"
Kadalundi,Kozhikode,-,"candidate, no recorded fieldwork",Tyndis,11.1381083,75.8334302,district match,"Kadalundi, Kozhikode, Kerala, 673302, India"
Beypore,Kozhikode,-,"candidate, no recorded fieldwork",Tyndis,11.1790668,75.8101768,district match,"Beypore, Kozhikode, Kerala, 673015, India"
Niranam,Pathanamthitta,-,"candidate, no recorded fieldwork",Nelkynda,9.3437311,76.5230985,district match,"Niranam, Thiruvalla, Pathanamthitta, Kerala, 689621, India"
Neendakara,Kollam,-,"candidate, no recorded fieldwork",Nelkynda,8.9428812,76.538628,district match,"Neendakara, Karunagappally, Kollam, Kerala, 691582, India"
Purakkad,Alappuzha,-,"candidate, no recorded fieldwork",Bakare,9.3397327,76.391538,district match,"Purakkad, Thottappally, Ambalappuzha, Alappuzha, Kerala, 688561, India"
Thevalakkara,Kollam,-,"candidate, no recorded fieldwork",Bakare,9.0101765,76.5757304,district match,"Thevalakkara, Karunagappally, Kollam, Kerala, 690524, India"
Pattanam,Ernakulam,2008-09,KCHR excavation,Muziris,10.1563822,76.208861,district match,"Pattanam, North Paravur, Paravur, Ernakulam, Kerala, 683522, India"
North Paravur,Ernakulam,-,PARUR hoard locality,Muziris,10.1484083,76.2249185,district match,"North Paravur, Paravur, Ernakulam, Kerala, 683513, India"
