site_key,period_from,period_to,period_label,evidence,confidence,source
kodungallur,800,1600,medieval to early modern,"ASI/Kerala excavations at Karuppadana, Kilattali, Mathilakam, Tirukkulasekharapuram and Tiruvanjikulam returned 9th-11th c. Chera material; Portuguese fort from 1523",high,IAR 1969-70 no.18; Medieval Ports of North Malabar
pattanam,400,1000,late antique to early medieval,KCHR Period III medieval occupation 5th-15th c. CE; continuous settlement 2nd c. BCE to 10th c. CE,high,IAR 2008-09 no.29; Cherian 2012
koyilandy,900,1600,medieval to early modern,"Panthalayani Kollam, a major medieval port; Pandarani of the Portuguese, Flandarina of Friar Odoric, visited by Ibn Battuta",high,"Fathima 2018, Re-Inventing Panthalayani Kollam; Medieval Ports of North Malabar"
ponnani,1200,1800,late medieval to early modern,Listed among the ports of the Malabar coast; later a major Mappila religious and commercial centre,medium,Medieval Ports of North Malabar (Kurup 1997)
kadalundi,1200,1600,late medieval to early modern,"Beypore a major shipbuilding centre, a tradition surviving in the Uru yards; Chaliyam held a Portuguese fort from 1531",medium,Medieval Ports of North Malabar
tanur,1400,1700,late medieval to early modern,Portuguese-period port under the Tanur chiefs,medium,Medieval Ports of North Malabar
kollam,825,1600,medieval,"Major medieval port; the Kollam era begins AD 825; Arab, Chinese and Jewish merchants attested; visited by Marco Polo",high,Medieval Ports of North Malabar; Geniza documents
purakkad,1500,1800,early modern,Pepper port with a Dutch factory in the 17th century,medium,regional port histories
niranam,800,1600,medieval,Early Christian centre with a medieval church; inland on the Pampa backwater,low,regional tradition; not archaeologically tested
kottayam_kerala,800,1800,medieval to early modern,Inland commercial and later Syrian Christian centre,low,regional histories
neendakara,1800,1950,modern,Modern fishing harbour; no medieval attestation traced,low,—
madayipara,900,1400,medieval,"Port of Madayi founded by the Mushika dynasty; West Asian glazed ceramics found at a medieval mosque in 2008",high,Medieval Ports of North Malabar
banbhore,700,1300,early Islamic to medieval,"Daybul, a major Islamic-period harbour; the published sequence is dominated by these levels",high,Felici et al.; Kervran
unguja_ukuu,550,1000,late antique to early medieval,"Swahili occupation from the 6th-7th c.; 8th-c. Muslim gold coins, Period IIa silver, a Chinese Northern Song bronze",high,Juma 2004; Fitton & Wynne-Jones 2017
mafia,1000,1600,medieval,"Kisimani Mafia and Kua: Swahili settlement with coins, imported pottery and beads",high,Christie 2017; Chittick
kilwa,800,1600,medieval,Sultanate of Kilwa; coins struck c. 1200-1400,high,Chittick 1974
pangani,1500,1900,early modern,Swahili and later Omani port at the river mouth,medium,regional histories
dar_es_salaam,1860,1950,modern,Founded in the 1860s,high,regional histories
al_wajh,250,400,late Roman,"Two findspots of three late-Roman nummi each: Maximianus AD 295-296, Constantine I AD 327-333",high,CHRE
aynuna,600,900,early Islamic,Limited later material above the Nabataean port,low,Gawlikowski et al. 2021
