find_id,site_key,campaign_id,ware_as_published,ware_id,quantity_value,quantity_type,quantity_unit,quantity_qualifier,scope,scope_detail,denominator_value,denominator_type,period_as_published,date_from,date_to,periplus_horizon,source_file,page,quote,verified,confidence,note
F0001,berenike,berenike_1994,black peppercorns,,7550,weight_g,grams,exact,context,"storage jar, courtyard of the Serapis temple",,,early Roman,1,100,yes,Sidebotham-2011-Berenike-and-the-Ancient-Maritime-Spice-Route.pdf,81,"the other contained 7.55 kg of black peppercorns, clearly an import from southern India",y,high,"Largest single archaeological deposit of pepper known; a find, not an assemblage total."
F0002,berenike,berenike_1994,beads of Mediterranean red coral (Corallium rubrum),,5,count,beads,exact,campaign_total,,,,Roman,,,unknown,Sidebotham-2011-Berenike-and-the-Ancient-Maritime-Spice-Route.pdf,260,At Berenike fieldwork has recovered only five beads made of the Mediterranean variety of coral that Pliny extols,y,high,Sidebotham cannot say whether for local use or for export.
F0003,berenike,berenike_1994,identifiable coins,,41,percent,percent,about,campaign_total,excavations 1994-2001,,all_identifiable_coins,Augustus through the Flavians,-27,96,yes,Sidebotham-2011-Berenike-and-the-Ancient-Maritime-Spice-Route.pdf,265,"Approximately 41 percent of all identifiable coins found at Berenike between 1994 and 2001 date from Augustus through the Flavian period ... Second- and third-century issues account for only about 9 percent of the total, while coins from the second quarter of the fourth into the late fourth and the early fifth centuries make up about 34 percent",y,high,"Bimodal: a Julio-Claudian peak and a fourth-century one, mirroring the Indian hoard pattern."
F0004,berenike,berenike_1994,identifiable coins,,9,percent,percent,about,campaign_total,excavations 1994-2001,,all_identifiable_coins,second and third centuries,96,300,no,Sidebotham-2011-Berenike-and-the-Ancient-Maritime-Spice-Route.pdf,265,"Approximately 41 percent of all identifiable coins found at Berenike between 1994 and 2001 date from Augustus through the Flavian period ... Second- and third-century issues account for only about 9 percent of the total, while coins from the second quarter of the fourth into the late fourth and the early fifth centuries make up about 34 percent",y,high,"Bimodal: a Julio-Claudian peak and a fourth-century one, mirroring the Indian hoard pattern."
F0005,berenike,berenike_1994,identifiable coins,,34,percent,percent,about,campaign_total,excavations 1994-2001,,all_identifiable_coins,second quarter of the fourth to early fifth century,325,425,no,Sidebotham-2011-Berenike-and-the-Ancient-Maritime-Spice-Route.pdf,265,"Approximately 41 percent of all identifiable coins found at Berenike between 1994 and 2001 date from Augustus through the Flavian period ... Second- and third-century issues account for only about 9 percent of the total, while coins from the second quarter of the fourth into the late fourth and the early fifth centuries make up about 34 percent",y,high,"Bimodal: a Julio-Claudian peak and a fourth-century one, mirroring the Indian hoard pattern."
F0006,berenike,berenike_1994,"coins, published corpus",,586,count,coins,exact,campaign_total,"campaigns 1994-1999/2000, 2009, and the animal cemetery area after 2009",,,,,,spans,BerenikeMyosHormos_2025_JRA_Everyday-transactions-coins-in-the-ports.pdf,5,The published corpus contains 586 specimens that were found during the campaigns that took place between 1994 and 1999/2000 and in 2009,y,high,Total recovered 1994-2020 exceeds 900; only 586 published.
F0007,berenike,berenike_1994,"coins, Ptolemaic",,16,count,coins,exact,campaign_total,,586,published_coins,Ptolemaic,-305,-30,no,BerenikeMyosHormos_2025_JRA_Everyday-transactions-coins-in-the-ports.pdf,5,"Of these coins, 16 (2.8%) are Ptolemaic",y,high,
F0008,berenike,berenike_1994,"coins, Roman provincial, Alexandria mint",,180,count,coins,exact,campaign_total,,586,published_coins,,,,spans,BerenikeMyosHormos_2025_JRA_Everyday-transactions-coins-in-the-ports.pdf,5,180 (30.7%) are Roman provincial issues of the Alexandria mint,y,high,
F0009,berenike,berenike_1994,"coins from excavation, as opposed to surface",,432,count,coins,exact,campaign_total,,586,published_coins,,,,spans,BerenikeMyosHormos_2025_JRA_Everyday-transactions-coins-in-the-ports.pdf,5,"One hundred and fifty-four of the coins (26.3%) were surface finds, and the rest (432 = 73.7%) were discovered during excavations",y,high,Surface/excavation split: a recovery-method covariate for the detection model.
F0010,myos_hormos,myos_hormos_1978,coins,,153,count,coins,exact,campaign_total,"University of Chicago excavations 1978, 1980, 1982",,,,,,spans,BerenikeMyosHormos_2025_JRA_Everyday-transactions-coins-in-the-ports.pdf,5,"Excavations by the team from the University of Chicago in 1978, 1980, and 1982 unearthed 153 coins and one lead token",y,high,Plus one lead token.
F0011,myos_hormos,myos_hormos_1999,"coins, published",,14,count,coins,exact,campaign_total,University of Southampton excavations 1999-2003,,,,,,spans,BerenikeMyosHormos_2025_JRA_Everyday-transactions-coins-in-the-ports.pdf,6,14 coins were published,y,medium,Total recovered by Southampton is unknown; only 14 were identifiable enough to publish. Five seasons.
F0012,myos_hormos,,"coins, Roman provincial, Alexandria mint",,153,count,coins,exact,site_total,,167,published_coins,,,,spans,BerenikeMyosHormos_2025_JRA_Everyday-transactions-coins-in-the-ports.pdf,6,"4 (2.4%) are Ptolemaic, 153 (91.6%) are Roman provincial issues of the Alexandria mint ... and 10 (6%) are non-Roman/possible Islamic/possible coins/flans",y,medium,Denominator inferred from the stated percentages (153/0.916 = 167).
F0013,xiis,xiis_2019,imported materials,,99,percent,percent,about,site_total,,,all_artefacts,Roman,,,yes,apa-IndOc-Gulf-Xiis-Fernandez2022.pdf,9,Imported materials represent 99% of all artefacts documented in survey and excavation.,y,high,"CAUTION: Xiis is a necropolis. The imports are grave goods, so this is not comparable with a settlement assemblage such as Pattanam's 0.17 per cent."
F0014,xiis,xiis_2019,Parthian turquoise or green glazed ware,,46,count,tombs,exact,site_total,,80,cairns_with_imports,,,,yes,apa-IndOc-Gulf-Xiis-Fernandez2022.pdf,12,"Imported materials were found in association with 80 cairns, Parthian turquoise or green glazed ware being the most common find (46 of the tombs), followed by glass (N=25), amphorae (N=19) and undecorated wheel-made wares (N=15).",y,high,"Counted by tomb, not by sherd. Presence per grave, not abundance."
F0015,xiis,xiis_2019,glass,,25,count,tombs,exact,site_total,,80,cairns_with_imports,,,,yes,apa-IndOc-Gulf-Xiis-Fernandez2022.pdf,12,"Imported materials were found in association with 80 cairns, Parthian turquoise or green glazed ware being the most common find (46 of the tombs), followed by glass (N=25), amphorae (N=19) and undecorated wheel-made wares (N=15).",y,high,"Counted by tomb, not by sherd. Presence per grave, not abundance."
F0016,xiis,xiis_2019,amphorae,,19,count,tombs,exact,site_total,,80,cairns_with_imports,,,,yes,apa-IndOc-Gulf-Xiis-Fernandez2022.pdf,12,"Imported materials were found in association with 80 cairns, Parthian turquoise or green glazed ware being the most common find (46 of the tombs), followed by glass (N=25), amphorae (N=19) and undecorated wheel-made wares (N=15).",y,high,"Counted by tomb, not by sherd. Presence per grave, not abundance."
F0017,xiis,xiis_2019,undecorated wheel-made wares,,15,count,tombs,exact,site_total,,80,cairns_with_imports,,,,yes,apa-IndOc-Gulf-Xiis-Fernandez2022.pdf,12,"Imported materials were found in association with 80 cairns, Parthian turquoise or green glazed ware being the most common find (46 of the tombs), followed by glass (N=25), amphorae (N=19) and undecorated wheel-made wares (N=15).",y,high,"Counted by tomb, not by sherd. Presence per grave, not abundance."
F0018,xiis,xiis_2019,Italian sigillata bowls,,2,mnv,vessels,exact,context,Tomb 153,,,early Roman,-30,70,yes,apa-IndOc-Gulf-Xiis-Fernandez2022.pdf,14,The excavation of Tomb 153 in 2019 yielded fragments belonging to two different bowls of Italian sigillata.,y,high,
F0019,ras_hafun,ras_hafun_1975,"ceramics, all",,32.5,count,sherds_per_m3,about,site_total,Ras Hafun West,,,,,,yes,apa-IndOc-Gulf-RasHafun-Smith1988.pdf,4,Since the ceramic density was low (30-35 sherds per cu. m,y,high,Stated as a range 30-35; midpoint recorded. Density per excavated volume is the measure that makes sites comparable across field methods.
F0020,ras_hafun,ras_hafun_1975,"ceramics, all",,47.5,count,sherds_per_m3,about,site_total,Ras Hafun Main,,,,,,yes,apa-IndOc-Gulf-RasHafun-Smith1988.pdf,4,"In spite of the small excavated area, the often higher sherd densities (25-70 sherds per cu. m",y,high,Stated as a range 25-70; midpoint recorded.
F0021,myos_hormos,myos_hormos_1999,"medieval pottery, quantified",,9043,count,fragments,exact,season,"by the end of the second season, 2000",,,medieval,1000,1500,no,apa-RedSea-MyosHormos-PeacockandBlue2011.pdf,52,the 9043 fragments of medieval pottery quantified by the end of the second season's work alone in 2000,y,high,"Shows the order of magnitude the site yields. The Roman ceramic report is in volume 1, which we do not hold."
F0022,myos_hormos,myos_hormos_1999,celadon and qingbai sherds,,19,count,sherds,exact,campaign_total,,9043,medieval_pottery_to_2000,Song to Yuan,1100,1400,no,apa-RedSea-MyosHormos-PeacockandBlue2011.pdf,50,A total of 19 fragments of celadon and qingbai pottery were recovered during the recent excavations at Quseir al-Qadim.,y,high,
F0023,myos_hormos,myos_hormos_1999,"vessel stoppers, Nile silt",,68.5,percent,percent,exact,campaign_total,,,stoppers_with_identified_fabric,Roman,,,spans,apa-RedSea-MyosHormos-PeacockandBlue2011.pdf,22,"Nile 68.5%, Egyptian Marl 12.6%, imported in 12.6% (including eastern Mediterranean Peacock and Williams Form 10, Laodician and Italian Terra Sigillata) and Alexandrian fabric in 6.3%.",y,high,"Fabric of the stoppers, not of the amphorae they sealed. 12.6 per cent imported is the only import fraction this volume gives."
F0024,myos_hormos,myos_hormos_1999,"vessel stoppers, Egyptian Marl",,12.6,percent,percent,exact,campaign_total,,,stoppers_with_identified_fabric,Roman,,,spans,apa-RedSea-MyosHormos-PeacockandBlue2011.pdf,22,"Nile 68.5%, Egyptian Marl 12.6%, imported in 12.6% (including eastern Mediterranean Peacock and Williams Form 10, Laodician and Italian Terra Sigillata) and Alexandrian fabric in 6.3%.",y,high,"Fabric of the stoppers, not of the amphorae they sealed. 12.6 per cent imported is the only import fraction this volume gives."
F0025,myos_hormos,myos_hormos_1999,"vessel stoppers, imported",,12.6,percent,percent,exact,campaign_total,,,stoppers_with_identified_fabric,Roman,,,spans,apa-RedSea-MyosHormos-PeacockandBlue2011.pdf,22,"Nile 68.5%, Egyptian Marl 12.6%, imported in 12.6% (including eastern Mediterranean Peacock and Williams Form 10, Laodician and Italian Terra Sigillata) and Alexandrian fabric in 6.3%.",y,high,"Fabric of the stoppers, not of the amphorae they sealed. 12.6 per cent imported is the only import fraction this volume gives."
F0026,myos_hormos,myos_hormos_1999,"vessel stoppers, Alexandrian fabric",,6.3,percent,percent,exact,campaign_total,,,stoppers_with_identified_fabric,Roman,,,spans,apa-RedSea-MyosHormos-PeacockandBlue2011.pdf,22,"Nile 68.5%, Egyptian Marl 12.6%, imported in 12.6% (including eastern Mediterranean Peacock and Williams Form 10, Laodician and Italian Terra Sigillata) and Alexandrian fabric in 6.3%.",y,high,"Fabric of the stoppers, not of the amphorae they sealed. 12.6 per cent imported is the only import fraction this volume gives."
F0027,arikamedu,,grayish brown coarse ware with white/gray slip,,90,percent,percent,at_least,site_total,,,all_pottery,,,,yes,apa-IndOc-Gulf-Arikamedu-Pillai2010.pdf,12,over 90% of Pottery belongs to a grayish brown coarse ware with white/ gray slip,y,medium,"Implies imports and fine wares together are under 10 per cent. Far coarser than Pattanam's 99.45 per cent local, but the two are not measured the same way."
