port,claim_type,source,source_loc,place_or_relation,lat,lon,value,unit,verdict,note
Tyndis,identification,Casson 1989,App.5 Tab.I,Ponnani,10.767,75.925,,,preferred,'odds slightly in favour'; nearest port to the Palghat gap through the ghats
Tyndis,identification,Casson 1989,App.5,Kadalundi / Beypore,11.167,75.83,,,alternative,'somewhat over' 500 stades from Muziris
Tyndis,identification,Schoff 1912,,Ponnani,10.767,75.925,,,proposed,Casson notes this is somewhat short of 500 stades
Tyndis,identification,attribution not traced,,Koyilandy (Panthalayani Kollam),11.44,75.69,,,proposed,some historians; one of the oldest ports in S India
Tyndis,identification,attribution not traced,,Tanur,10.977,75.867,,,proposed,tentative
Tyndis,ancient_coordinate,Ptolemy 7.1.8,via McCrindle 1885,Tyndis a city,14.5,116.0,,,,"Ptolemy's own degrees, uncorrected; lon from his prime meridian"
Tyndis,stated_distance,Periplus 54,Casson 18.2-5,before Muziris,,,500.0,stadia,,'by river and sea'
Tyndis,gazetteer_point,Barchi / Pleiades,,-,10.764,75.926,,,,effectively Ponnani
Tyndis,gazetteer_point,Copeland 2026,,-,10.77,75.9,,,,coordinate used in the sailing model
Muziris,identification,Casson 1989,App.5 Tab.I,Cranganore (Kodungallur),10.217,76.2,,,secure,located by a Tamil poem placing it at the Periyar mouth
Muziris,identification,"Shajan, Tomber, Selvakumar & Cherian 2004",JRA 17,Pattanam,10.155,76.209,,,excavated,excavated port site; relation to Kodungallur debated
Muziris,ancient_coordinate,Ptolemy 7.1.8,via McCrindle 1885,Mouziris an emporium,14.0,117.0,,,,Ptolemy's own degrees
Nelkynda,identification,Casson 1989,App.5,Niranom (Niranam),9.27,76.56,,,preferred,"on the Pambiyar, 12 mi east of Pirakkad: same stream and right distance"
Nelkynda,identification,Schoff 1912,,Kottayam (R. Minachil),9.583,76.517,,,rejected,"Casson: wrong river, and too far from Pirakkad for 120 stadia"
Nelkynda,identification,"older scholarship, attribution not traced",,Kollam / Quilon,8.89,76.59,,,doubtful,only 4 km from the sea; text says 120 stadia
Nelkynda,identification,attribution not traced,,Neendakara,8.94,76.54,,,doubtful,also too close to the sea
Nelkynda,identification,Casson 1989,App.5,Nilgunda (name parallel),,,,,speculative,at least two towns of this name; possibly a third now lost
Nelkynda,stated_distance,Periplus 54,Casson 18.2-5,after Muziris,,,500.0,stadia,,'by river and sea'
Nelkynda,stated_distance,Periplus 54,Casson 18.6,from the sea up its river,,,120.0,stadia,,river named Baris by Ptolemy = the Pambiyar
Nelkynda,gazetteer_point,Barchi / Pleiades,,-,9.273,76.559,,,,effectively Niranam
Nelkynda,gazetteer_point,Copeland 2026,,-,9.325,76.537,,,,
Bakare,identification,Casson 1989,App.5 Tab.I,Pirakkad (Purakkad),9.35,76.39,,,preferred,"at the mouth of the Pambiyar, 12 mi downstream of Niranom"
Bakare,identification,McCrindle 1885,,Kallada,9.0,76.67,,,alternative,
Bakare,identification,attribution not traced,,Thevalakara,9.0,76.58,,,alternative,
Bakare,ancient_coordinate,Ptolemy 7.1.8,via McCrindle 1885,Bakarei,14.5,119.5,,,,Ptolemy's own degrees
Bakare,stated_distance,Periplus 55,Casson 18.8,at the mouth of Nelkynda's river,,,,,,MS reads 'Barare'; Casson emends from Ptolemy Bakare and Pliny Becare
Bakare,gazetteer_point,Copeland 2026,,-,9.595,76.486,,,,nearer Kottayam than Purakkad
Rhapta,identification,Casson 1989,comm. 16:6.4,Rufiji delta,-7.817,39.45,,,conditional,follows IF Menuthias = Zanzibar
Rhapta,identification,Casson 1989,comm. 16:6.4,vicinity of Dar es Salaam,-6.817,39.3,,,conditional,follows IF Menuthias = Pemba
Rhapta,identification,Datoo 1970,,mouth of the Pangani,-5.433,39.017,,,candidate,one of only two river candidates Casson allows
Rhapta,identification,Chami,,NW Mafia Island (submerged),-7.8,39.75,,,candidate,"submerged structures, transoceanic pottery"
Rhapta,ancient_coordinate,Ptolemy 4.7.12,,on or near a river,,,,,,Casson: 'for whatever the information is worth'
Rhapta,stated_distance,Periplus 16,Casson 6.3,beyond Menuthias,,,2.0,runs,,Casson: 2 runs = 1000 stades = 100 nautical miles
Rhapta,gazetteer_point,Barchi / Pleiades,,-,-6.657,39.5,,,,
Rhapta,gazetteer_point,Copeland 2026,,-,-7.85,39.783,,,,
Leuke Kome,identification,Casson 1989,comm. 19,Khuraybah (port of 'Aynunah),28.1,35.21,,,preferred,"port on the water; 'Aynunah itself is inland. Nabataean-Roman pottery, 100+ tombs"
Leuke Kome,identification,Nappo 2010,,al-Wajh,26.24,36.46,,,rejected,Casson: too far south for the Petra caravan route
Leuke Kome,identification,attribution not traced,,al-Qusayr / Wadi al-Hamd,25.9,36.6,,,doubtful,
Leuke Kome,stated_distance,Periplus 19,,from Myos Hormos,,,3.0,days,,'two or three days' — a range
Leuke Kome,stated_distance,Strabo 16.4.23,,Gallus's fleet from Egypt,,,14.0,days,,130 ships; also a camel route from Petra
Leuke Kome,gazetteer_point,Barchi / Pleiades,,-,24.088,38.058,,,erroneous,~350 km from every proposed identification
Barbarikon,identification,"Cunningham 1871, via Casson 1989",,Banbhore,24.75,67.53,,,preferred,~30 km inland of the modern shoreline
Barbarikon,ancient_coordinate,Ptolemy 7.1.59,,Barbarei,,,,,,coordinates to be extracted from Stevenson
Barbarikon,stated_distance,Periplus 41,Casson 14.11-13,to Astakapra,,,3000.0,stadia,,"Casson: actual ~450 nm, so his figure is half the true distance"
Barbarikon,gazetteer_point,Barchi / Pleiades,,-,24.924,69.022,,,,
Barbarikon,gazetteer_point,Copeland 2026,,-,24.86,67.01,,,,
Minnagar,identification,"Cunningham 1871, via Casson 1989",,Tatta,24.75,67.917,,,proposed,'commanded the whole traffic of the river'
Minnagar,identification,Herrmann (RE 1932); Warmington,,Bahmanabad,25.867,68.867,,,proposed,slight modern preference
Minnagar,ancient_coordinate,Ptolemy 7.1.61,,Binagara,,,,,,'probably the same place' — Casson
Rhapta,ancient_coordinate,Ptolemy 4.7,via Stevenson,Rhapta metropolis of Barbaria,-7.0,71.0,,,,'a short distance from the sea'; Ptolemy's own degrees
Rhapta,ancient_coordinate,Ptolemy 4.7,via Stevenson,mouth of the Rhaptus river,-7.0,72.5,,,,Ptolemy's own degrees; the metropolis sits inland of it
Rhapta,ancient_coordinate,Ptolemy 4.7,via Stevenson,Rhaptum promontory,-8.417,73.833,,,,Ptolemy's own degrees
Rhapta,stated_distance,Ptolemy 1.9,Marinus via Theophilus,from Rhapta to Aromata,,,20.0,days,,Theophilus driven north by the south wind
Nelkynda,ancient_coordinate,Ptolemy 7.1.9,via McCrindle 1885,Melkynda,14.333,120.333,,,,"Ptolemy's own degrees; he puts it in the Aioi, NOT Limyrike"
Barbarikon,ancient_coordinate,Ptolemy 7.1,via Stevenson,4th (middle) Indus mouth 'Cariphi',19.833,111.667,,,,Periplus puts Barbarikon on the middle of seven mouths; this is the 4th
Barbarikon,ancient_coordinate,Ptolemy 7.1,via Stevenson,1st Indus mouth 'Sagapa' (west),19.833,110.333,,,,westernmost of the seven
Barbarikon,ancient_coordinate,Ptolemy 7.1,via Stevenson,7th Indus mouth 'Lonibare' (east),20.25,113.333,,,,easternmost of the seven
Menuthias,identification,Casson 1989,comm. 15,Pemba,-5.22,39.78,,,conditional,if Menuthias = Pemba then Rhapta is near Dar es Salaam
Menuthias,identification,Casson 1989,comm. 15,Zanzibar (Unguja),-6.13,39.33,,,conditional,if Menuthias = Zanzibar then Rhapta is at the Rufiji mouth
Menuthias,identification,Chami,,Mafia,-7.9,39.75,,,candidate,third island of the archipelago
Menuthias,gazetteer_point,Copeland 2026,,-,-6.133,39.333,,,,= Zanzibar
