ware_id,ware_name,abbrev,category,origin_region,origin_precision,date_from,date_to,vessel_function,diagnostic_value,source_ref
dressel_2_4,Dressel 2-4 amphora,Dr2-4,mediterranean_amphora,Multiple Roman provinces; originally Kos,region-ambiguous,-50,150,wine,"Commonest Roman wine amphora in the Indian Ocean. Shape is easy to spot from handle or base; source needs fabric analysis, so a bare ""Dressel 2-4"" attribution does not tell you which end of the Mediterranean it came from.",Tomber 2008: 43-4
koan,Koan amphora,Koan,mediterranean_amphora,Kos,secure,-150,50,wine,Ancestor of the Dressel 2-4. Fabric overlaps with western Dr2-4 and other eastern fabrics; stamps and typology carry the identification.,Tomber 2008: 43-4
rhodian,Rhodian amphora,Rhod,mediterranean_amphora,Rhodes,secure,-200,100,wine,Early Roman eastern Mediterranean wine container.,Tomber 2008: fig. 3
brindisian,Brindisian amphora,Brind,mediterranean_amphora,Brindisi (Italy),secure,-150,0,oil,Early Italian type; an early date marker.,Tomber 2008: fig. 3
dressel_6a,Dressel 6A amphora,Dr6A,mediterranean_amphora,Adriatic Italy,secure,-50,100,wine,,Tomber 2008: fig. 3
dressel_7_11,Dressel 7-11 amphora,Dr7-11,mediterranean_amphora,Baetica (southern Spain),secure,-25,100,garum (fish sauce),One of the three Roman staples; signals provisioning rather than luxury exchange.,Tomber 2008: fig. 3
dressel_20,Dressel 20 amphora,Dr20,mediterranean_amphora,Baetica (southern Spain),secure,0,250,olive oil,Globular Spanish oil amphora; a staple container.,Tomber 2008: fig. 3
gauloise_4,Gauloise 4 amphora,Gaul4,mediterranean_amphora,Southern Gaul,secure,50,300,wine,,Tomber 2008: fig. 3
ae3,Amphore Egyptienne 3,AE3,mediterranean_amphora,Egypt,secure,0,300,wine,Egyptian product; at a Red Sea port it means local supply rather than long-haul import.,Tomber 2008: fig. 3
lr1,Late Roman Amphora 1,LR1,mediterranean_amphora,Cilicia / Cyprus,secure,400,700,wine/oil,Late antique marker. Its presence puts a site in the 5th-7th c. rather than the Periplus horizon.,Tomber 2008: fig. 3
lr2,Late Roman Amphora 2,LR2,mediterranean_amphora,Aegean,secure,400,700,wine/oil,Late antique marker.,Tomber 2008: fig. 3
lr3,Late Roman Amphora 3,LR3,mediterranean_amphora,Western Asia Minor,secure,300,600,wine,Late antique marker.,Tomber 2008: fig. 3
aila,Aila (Aqaba) amphora,Aila,mediterranean_amphora,Aqaba,secure,300,700,wine,Red Sea regional product; signals intra-Red Sea traffic.,Tomber 2008: fig. 3
its,Italian Sigillata,ITS,mediterranean_fineware,Italy (Arezzo and others),secure,-40,50,tableware,"Tightly dated Roman fine ware and the single best chronological peg for the Periplus horizon in India. Post-dates Rouletted Ware's first appearance, so ITS without RW is unusual.",Tomber 2008: 44-5
esa,Eastern Sigillata A,ESA,mediterranean_fineware,Northern Syria,secure,-150,150,tableware,,Tomber 2008: 45
esb,Eastern Sigillata B,ESB,mediterranean_fineware,Western Asia Minor (Ephesus region),secure,-25,150,tableware,,Tomber 2008: 45
egyptian_coarse,Egyptian coarse table wares,EgCW,mediterranean_coarseware,Egypt,secure,-50,400,tableware,Traded as objects rather than for contents; export rationale must be argued case by case.,Tomber 2008: 44
rouletted_ware,Rouletted Ware (Wheeler Type 1),RW,indian_fineware,"Ganges Delta, Chandraketugarh-Tamluk area",contested,-400,300,dish,"Long misread as Roman. Indian origin now accepted (Begley 1988). Dating is contested: widest bracket 400 BC-AD 300; commonly 2c BC-1c AD; Schenk argues production ceased in the 1c BC. Schenk reads its distribution as gift exchange tied to Buddhism, not Indo-Roman trade, so RW alone is weak evidence for a Roman-facing port.",Tomber 2008: 45-6
rpw,Red Polished Ware,RPW,indian_fineware,Gujarat,secure,0,500,"sprinkler, tableware","Also once misread as Roman because of the red slip. Characteristic form is the sprinkler. Identifiable from publication alone, so older reports can be corrected without re-examining sherds.",Tomber 2008: 47
crsw,Coarse Red-slipped Wares,CRSW,indian_coarseware,Multiple centres; some North Kerala,partial,-200,500,cooking and table vessels,"Wheeler Types 24 (handi), 25 (casserole), 28-9 (flanged casserole/lid), 4-6 (plain rim dish). Frequently sooted, so used for cooking. Petrography shows several production centres.",Tomber 2008: 47-9
crsw_scooped,CRSW with organic (bamboo) wiping,CRSW-sc,indian_coarseware,North Kerala,secure,-100,300,cooking vessels,"THE key provenance link. Internal bamboo-tool wiping from the North Kerala ""scooping"" technique matched Red Sea finds to Pattanam in 2003, establishing a direct Kerala-Egypt connection. The most location-diagnostic ware in the corpus for the Malabar ports.",Tomber 2008: 47-8
organic_black_ware,Organic Black Ware,OBW,indian_coarseware,North India,partial,-200,500,"dish, large jar","Thick-walled handmade black fabric, light in weight, frequently sooted. Found in small numbers throughout the Indian Ocean.",Tomber 2008: 49-51
paddle_impressed,Paddle Impressed Ware,PIW,indian_coarseware,East coast of India,partial,-100,400,storage,East-coast source; helps distinguish embarkation point from the Malabar wares.,Tomber 2008: 49-51
wheeler_74_75,Wheeler Type 74/5 conical amphora,W74/5,indian_amphora,South India,secure,-100,200,"storage; wine or toddy","Handle-less conical jar, Indian not Roman despite older literature. Over 50 set into the ground at Kanchipuram. Not yet found outside India.",Tomber 2008: 43
nbp,Northern Black Polished Ware,NBP,indian_fineware,Ganges valley,secure,-500,-100,tableware,Pre-Roman horizon. Fabric similarity to RW supported the argument for RW's Indian origin.,Tomber 2008: 45
osj,Organic Storage Jars,OSJ,south_arabian,Hadramawt (Yemen),secure,-25,450,"liquid storage; water or Arabian wine","High-footed calcareous jars with organic temper, lined with bitumen or beeswax, plaster seal at the mouth. The one South Arabian ware with quantitatively significant distribution outside the region.",Tomber 2008: 51
wmcp,Whole-mouth Cooking pot,WMCP,south_arabian,Aden,tentative,-100,300,cooking,Basaltic fabric matched to Aden's geology. Identification is explicitly tentative.,Tomber 2008: 51-2
torpedo_jar,Torpedo jar,Torp,mesopotamian,Mesopotamia (no kilns known),probable,150,800,"liquid; probably wine","Handle-less barrel-shaped jar with bitumen lining. Many Indian sherds once called Roman are actually these. NOT positively identified on Red Sea sites, so its presence points to Gulf rather than Red Sea traffic, and mostly to the Sasanian period (AD 224-651). Possibly the Persian wine of PME 36.",Tomber 2008: 39-43
mes_glazed,Mesopotamian Glazed Ware,MGW,mesopotamian,Basra region,probable,-300,900,tableware/storage,"Turquoise alkaline glaze. Production spans a very long period, so undiagnostic for date unless shape or decoration is present.",Tomber 2008: 52
aksumite_coarse,Aksumite Coarse Wares,AkCW,east_african,Aksum,secure,100,700,"cooking, table","Distinctive decorated repertoire, confirmed against thin sections from Aksum itself.",Tomber 2008: 53-4
red_sandy_ware,Red Sandy Ware,RSW,east_african,"Asmara-Massawa region, north of Adulis",probable,50,400,cooking pots,"Calcareous granitic-tempered fabric with incised bosses; form-plus-fabric combination not known at Aksum. Geologically placed north of Adulis, so a regional marker for the Eritrean coast.",Tomber 2008: 54-5
roman_amphora_unspec,Roman amphora (unspecified type),RomAmph,mediterranean_amphora,Roman Mediterranean,unspecified,-100,400,"wine, oil, garum","Catch-all for reports that say ""Roman amphora"" without a type. Retained because excluding it would silently drop most older Indian reports, but it cannot be sourced or closely dated.",curation category
roman_pottery_unspec,Roman pottery (unspecified),RomPot,mediterranean_unspecified,Roman Mediterranean,unspecified,-100,400,unspecified,"Catch-all. Tomber's central warning applies: much pottery called Roman in Indian reports is actually Mesopotamian (Torpedo) or Indian (RW, RPW). Treat every unverified attribution as provisional.",Tomber 2008: 39
roman_coin,Roman coin,RomCoin,coin,Roman Empire,secure,-100,500,currency/bullion,"After pottery the most-cited class. Hoards cluster inland in South India, so coins track bullion flow and hoarding behaviour rather than harbour location. Denomination and date matter: Julio-Claudian aurei and denarii differ in meaning from later bronze.",Tomber 2008: ch. 2
roman_glass,Roman glass,RomGlass,glass,Roman Mediterranean,partial,-100,500,vessels,Traded as objects. Sourcing is harder than for pottery; Egyptian and Levantine origins both possible.,Tomber 2008: ch. 2
bead,Bead (glass or stone),Bead,small_find,Multiple; Indian and Mediterranean,partial,-300,600,ornament,Indo-Pacific beads were made in South India and Sri Lanka and exported widely. Direction of travel must be argued per type.,Tomber 2008: ch. 2
intaglio,Intaglio / gem,Intag,small_find,Roman Mediterranean,partial,-50,300,ornament,Personal possessions rather than trade goods; presence suggests resident Romans rather than exchange volume.,Tomber 2008: ch. 2
lamp,Roman lamp,Lamp,small_find,Roman Mediterranean,partial,-50,300,lighting,Small numbers; often a personal item.,Tomber 2008: ch. 2
black_pepper,Black pepper (Piper nigrum),Pepper,organic,South-west India (Malabar),secure,-100,500,spice,"Over 95% of all archaeological pepper comes from Egypt's Eastern Desert, so its distribution maps preservation, not trade. Sourced tightly to Malabar, which makes it the strongest organic link to the Kerala ports.",Tomber 2008: 55-6
frankincense,Frankincense,Frank,organic,Yemen and Somalia,ambiguous,-500,600,aromatic,Native to both Yemen and Somalia; cannot discriminate between the two coasts.,Tomber 2008: 55
teak,Teak / Indian timber,Teak,organic,India,secure,-100,500,"ship timber, construction",Reused Indian ship timber at Red Sea sites is direct evidence of vessels arriving from India rather than of cargo.,Tomber 2008: ch. 3
sigillata_unspec,Sigillata (unspecified),Sig,mediterranean_fineware,Roman Mediterranean,unspecified,-50,150,tableware,"Catch-all for reports naming ""terra sigillata"" without distinguishing Italian from Eastern. Tomber notes the Arikamedu material was reassessed as a mix of ITS, ESA and ESB spanning c. 10 BC-AD 50, so an undifferentiated attribution conceals real chronological range.",Tomber 2008: 137
local_pottery,Local coarse pottery,Local,indigenous,Local to each site,secure,-500,1000,"all domestic uses","Not an import and not diagnostic of contact. Recorded because it is the denominator: at Pattanam 3.54 million local sherds against 6,029 Roman amphora sherds. Without it, imported-ware totals cannot be read as proportions.",curation category
